id,dateAdded,dateUpdated,asins,brand,categories,primaryCategories,colors,dimension,ean,imageURLs,keys,manufacturer,manufacturerNumber,name,prices.amountMax,prices.amountMin,prices.availability,prices.color,prices.condition,prices.currency,prices.dateAdded,prices.dateSeen,prices.isSale,prices.merchant,prices.offer,prices.returnPolicy,prices.shipping,prices.size,prices.sourceURLs,sizes,sourceURLs,upc,weight
AVpfEf_hLJeJML431ueH,2015-05-04T12:13:08Z,2018-01-29T04:38:43Z,,Naturalizer,"Clothing,Shoes,Women's Shoes,All Women's Shoes,Heels,Sandals",Shoes,"Silver,Cream Watercolor Floral",,,"https://i5.walmartimages.com/asr/861ca6cf-fa55-4a48-904d-b764d7c00f0c_1.1a2bb39923e1486d05bdafe37ad832e3.jpeg?odnHeight=450&odnWidth=450&odnBg=FFFFFF,https://i5.walmartimages.com/asr/efe9ba1e-daed-4534-9e2e-11804bbb30f1_1.62e3e7f0268f641323a245d5caebdd6d.jpeg?odnHeight=450&odnWidth=450&odnBg=FFFFFF,https://i5.walmartimages.com/asr/0c717815-228e-4c9b-a8fc-d033576461c9_1.f08402e0a5165746e133ddeb589c73e0.jpeg?odnHeight=450&odnWidth=450&odnBg=FFFFFF,https://i5.walmartimages.com/asr/f46703c8-2cdb-4bf2-a3ea-819f24aab134_1.df725b76ca0112d64bdf566ad97760a9.jpeg?odnHeight=450&odnWidth=450&odnBg=FFFFFF,https://i5.walmartimages.com/asr/f652f354-a1fb-47ac-b507-7f97eb216b14_1.39e78b87e2328421803115869ee8b950.jpeg?odnHeight=450&odnWidth=450&odnBg=FFFFFF,http://ak1.ostkcdn.com/images/products/84/146/P16141204.jpg,http://s1.shoes.com/images/br021/womens-naturalizer-danya-soft-silver-crosshatch-shiny-377672_366_tp.jpg,http://s3.shoes.com/images/br021/womens-naturalizer-danya-soft-silver-crosshatch-shiny-377672_366_sl.jpg,http://s2.shoes.com/images/br021/womens-naturalizer-danya-soft-silver-crosshatch-shiny-377672_366_rt.jpg,http://s3.shoes.com/images/br021/womens-naturalizer-danya-soft-silver-crosshatch-shiny-377672_366_45.jpg,http://s2.shoes.com/images/br021/womens-naturalizer-danya-soft-silver-crosshatch-shiny-377672_366_hl.jpg,http://s1.shoes.com/images/br021/womens-naturalizer-danya-soft-silver-crosshatch-shiny-377672_366_lt.jpg,http://ak1.ostkcdn.com/images/products/85/115/P16454357.jpg","naturalizer/47147sc022,017136472311,womensnaturalizerdanyasoftsilvercrosshatchshinypatent/16141204,womensnaturalizerdanyasoftsilvercrosshatchshinypatent/377672,womensnaturalizerdanyasoftsilvercrosshatchshinypatent/16454357",,47147SC022,Naturalizer Danya Women N/S Open Toe Synthetic Silver Sandals,55.99,55.99,,UWomens  M Regular,,USD,2017-03-28T11:40:25Z,"2017-03-25T09:19:24.819Z,2017-03-25T09:19:19.600Z",FALSE,Overstock.com,,,,S,"https://www.overstock.com/Clothing-Shoes/Womens-Naturalizer-Danya-Soft-Silver-Crosshatch-Shiny-Patent/8925023/product.html,https://www.overstock.com/Clothing-Shoes/Womens-Naturalizer-Danya-Silver-Crosshatch-Patent-PU/9291843/product.html","6W,9W,7.5W,12W,8.5M,9N,9M,9.5M,10.5M,10W,8.5W,7M,7.5M,7N,9.5W,10N,10M,5M,12M,5.5M,8W,11W,8N,8M,4.5M,6.5M,6M,11M,6N,11N,6.5W,4M,7W","https://www.walmart.com/ip/Naturalizer-Danya-Women-N-S-Open-Toe-Synthetic-Silver-Sandals/136041884,https://www.overstock.com/Clothing-Shoes/Womens-Naturalizer-Danya-Soft-Silver-Crosshatch-Shiny-Patent/8925023/product.html,http://www.overstock.com/Clothing-Shoes/Womens-Naturalizer-Danya-Soft-Silver-Crosshatch-Shiny-Patent/8925023/product.html?refccid=O7POPZJCH6AJFPCMWNSBVDYJGI&searchidx=6749,https://www.overstock.com/Clothing-Shoes/Womens-Naturalizer-Danya-Silver-Crosshatch-Patent-PU/9291843/product.html,http://www.shoes.com/womens-naturalizer-danya-soft-silver-crosshatch-shiny-p2_id332635,http://www.overstock.com/Clothing-Shoes/Womens-Naturalizer-Danya-Silver-Crosshatch-Patent-PU/9291843/product.html?refccid=JEHJMDO4H2ZK5FKIT6XGVPS7B4&searchidx=4871,http://www.overstock.com/Clothing-Shoes/Womens-Naturalizer-Danya-Silver-Crosshatch-Patent-PU/9291843/product.html?refccid=Y6DKPF6YL5DIRFCPAK7JMVETL4&searchidx=4245",17136472311,
AVpi74XfLJeJML43qZAc,2017-01-27T01:23:39Z,2018-01-03T05:21:54Z,,MUK LUKS,"Clothing,Shoes,Women's Shoes,Women's Casual Shoes,All Women's Shoes",Shoes,Grey,,33977045743,"https://i5.walmartimages.com/asr/421de5d5-3a74-4ca2-ae91-a75787f7da41_1.375e3cf74dc82303ce37bdf6a9742610.jpeg?odnHeight=450&odnWidth=450&odnBg=FFFFFF,https://i5.walmartimages.com/asr/202d5a0e-b2aa-4d47-b63c-661fc3f9cd69_1.a61c1848859953067192fb2ce1c4f916.jpeg?odnHeight=450&odnWidth=450&odnBg=FFFFFF,https://i5.walmartimages.com/asr/55a10ffd-de74-406b-8aa5-ae5be3569ee3_1.4b179b9702f0076cdf701afd0e7dcda2.jpeg?odnHeight=450&odnWidth=450&odnBg=FFFFFF,https://i5.walmartimages.com/asr/138e9ecf-fac8-4e9d-946a-7ca33dfa46aa_1.e4211c14f2a6ecf891e3d440402b5f82.jpeg?odnHeight=450&odnWidth=450&odnBg=FFFFFF,https://i5.walmartimages.com/asr/8c6c1ee4-7708-4d45-b48a-b30f974a5f2f_1.857088c50496451990583941d955218d.jpeg?odnHeight=450&odnWidth=450&odnBg=FFFFFF,https://i5.walmartimages.com/asr/a486d1cf-f2b5-49ca-b0f8-3e2db896c51c_1.de1c99ac6fdfcf3dc3ddbd9c1c6c72b1.jpeg?odnHeight=450&odnWidth=450&odnBg=FFFFFF","mukluks/00173650206,033977045743,muklukswomensjanesuedemoccasin/553406801,0033977045743",Muk Luks,0017365020-6,MUK LUKS Womens Jane Suede Moccasin,47,35.25,In Stock,Grey,New,USD,2018-01-03T05:21:54Z,"2017-12-08T14:24:00.000Z,2017-11-01T02:52:00.000Z",TRUE,Walmart.com,,,Standard,6,https://www.walmart.com/ip/MUK-LUKS-Womens-Jane-Suede-Moccasin/41271362,"10,7,6,9,8",https://www.walmart.com/ip/MUK-LUKS-Womens-Jane-Suede-Moccasin/41271362,33977045743,
AVpjXyCc1cnluZ0-V-Gj,2017-01-27T01:25:56Z,2018-01-04T11:52:35Z,,MUK LUKS,"Clothing,Shoes,Women's Shoes,All Women's Shoes,Women's Slippers","Shoes,Shoes",Black,6.0 in x 6.0 in x 1.0 in,33977045903,"https://i5.walmartimages.com/asr/950d38a5-0113-4111-952d-33fdcde53902_1.d2dd17888ccb2856f3227e0273d911f8.jpeg?odnHeight=450&odnWidth=450&odnBg=FFFFFF,https://i5.walmartimages.com/asr/cd183ae0-efea-4771-b3fd-d341a57887cf_1.24ec8674bb4d7a783a92fe8c33656327.jpeg?odnHeight=450&odnWidth=450&odnBg=FFFFFF,https://i5.walmartimages.com/asr/68891305-0fb3-4249-b7de-7dabd8702994_1.0f4a323222d690fca9dc9bb8f70f2761.jpeg?odnHeight=450&odnWidth=450&odnBg=FFFFFF,https://i5.walmartimages.com/asr/d43b85d9-b4de-43fc-a9ca-0979e2f50455_1.5e4d5516a1443339e7dc329feb348cd1.jpeg?odnHeight=450&odnWidth=450&odnBg=FFFFFF,https://i5.walmartimages.com/asr/0ef94daa-fa39-420d-bb4c-e6156c441ce3_1.52cd0a9a611b0238ce83767b4dcf205e.jpeg?odnHeight=450&odnWidth=450&odnBg=FFFFFF,https://i5.walmartimages.com/asr/3fece502-09aa-4981-ac4f-e1b7c4d5f954_1.e12aa766531546eea0f4143b37b8e4c1.jpeg?odnHeight=450&odnWidth=450&odnBg=FFFFFF,http://i5.walmartimages.com/dfw/dce07b8c-a7ea/k2-_46c4321b-d9d6-43b8-bc25-375ae7b82de0.v1.jpg,http://i5.walmartimages.com/dfw/dce07b8c-5142/k2-_74fbfb19-88d1-4a20-bd31-58b6a4b908ef.v1.jpg,http://i5.walmartimages.com/dfw/dce07b8c-2bb2/k2-_70437d33-1a05-4563-8eb6-a2b5f303580d.v2.jpg","033977045903,muklukswomensdawnsuedescuffslipper/553409417,mukluks/00173660016,0033977045903",Muk Luks,0017366001-6,MUK LUKS Womens Dawn Suede Scuff Slipper,24.75,24.75,In Stock,Black,New,USD,2018-01-04T11:52:35Z,2017-12-07T16:37:00.000Z,FALSE,Slippers Dot Com,,,Value,6,https://www.walmart.com/ip/MUK-LUKS-Womens-Dawn-Suede-Scuff-Slipper/41288600,"10,7,6,9,8","https://www.walmart.com/ip/MUK-LUKS-Womens-Dawn-Suede-Scuff-Slipper/41288600,http://www.walmart.com/ip/MUK-LUKS-Womens-Dawn-Suede-Scuff-Slipper/41288600",33977045903,
AVphGKLPilAPnD_x1Nrm,2017-01-27T01:25:56Z,2018-01-18T03:55:18Z,,MUK LUKS,"Clothing,Shoes,Women's Shoes,All Women's Shoes,Women's Slippers",Shoes,Grey,6.0 in x 6.0 in x 1.0 in,33977045958,"https://i5.walmartimages.com/asr/5e137bc3-c900-4886-8b34-b668151f701b_1.84e3c472b6a11bf7a4591a29bc82e9d2.jpeg?odnHeight=450&odnWidth=450&odnBg=FFFFFF,https://i5.walmartimages.com/asr/7daeac49-7810-406f-9c26-d4114c95f45d_1.a15e4690332f4ff0ff36ca920e8e524c.jpeg?odnHeight=450&odnWidth=450&odnBg=FFFFFF,https://i5.walmartimages.com/asr/91daf35f-626a-4fbd-8f18-5eda881bd8c9_1.37f9328c0a254b6448fb81cd45161967.jpeg?odnHeight=450&odnWidth=450&odnBg=FFFFFF,https://i5.walmartimages.com/asr/4189df99-e20a-4d15-8c84-2d2099b22268_1.fb873895715fea71bc31f0e89abca53d.jpeg?odnHeight=450&odnWidth=450&odnBg=FFFFFF,https://i5.walmartimages.com/asr/366cacbc-afd6-4f00-a9e4-0f55dbb0ecfc_1.5d03f6fc3bff935a2295ed3ec1653da1.jpeg?odnHeight=450&odnWidth=450&odnBg=FFFFFF,https://i5.walmartimages.com/asr/5752e61a-01c2-4791-85a1-726a40accaf8_1.64d856d974c88497ac10a6ca5444291f.jpeg?odnHeight=450&odnWidth=450&odnBg=FFFFFF","mukluks/00173660206,033977045958,0033977045958,muklukswomensdawnsuedescuffslipper/553409491",,0017366020-6,MUK LUKS Womens Dawn Suede Scuff Slipper,33,30.39,In Stock,Grey,New,USD,2017-12-04T21:35:47Z,2017-11-17T21:15:00.000Z,TRUE,Walmart.com,,,Expedited,6,https://www.walmart.com/ip/MUK-LUKS-Womens-Dawn-Suede-Scuff-Slipper/41288525,"10,7,6,9,8","https://www.walmart.com/ip/MUK-LUKS-Womens-Dawn-Suede-Scuff-Slipper/41288525,https://www.walmart.com/ip/Women-s-MUK-LUKS-Dawn-Suede-Scuff/41288525,https://www.walmart.com/ip/41288525",33977045958,
AVpjGKXyLJeJML43r8BH,2017-01-17T19:09:21Z,2018-10-15T15:50:13Z,,MUK LUKS,"MUK LUKS,Womens,Women's Casual Shoes,Clothing,Women's Shoes,Women's Slippers,Slippers,Shoes,All Women's Shoes",Shoes,"Light Blue,Brown,Navy,Purple,Burgundy,Black,Natural",,33977172609,"https://i5.walmartimages.com/asr/53c04329-c04e-47a6-8630-ef88d02305ab_1.f58f737921feff8e00ab6e5fba897b0d.jpeg?odnHeight=450&odnWidth=450&odnBg=FFFFFF,https://target.scene7.com/is/image/Target/GUEST_9e9f75aa-84b8-4397-aab3-afc6ef486edc,https://i5.walmartimages.com/asr/47d9cc7e-0259-4b6a-be75-772d75400c2d_1.3bf4a48072b2c5ab83fe08cb21c695a2.jpeg?odnHeight=450&odnWidth=450&odnBg=FFFFFF,https://i5.walmartimages.com/asr/c2ad9e8e-fd0d-43d6-98cb-592c830431fa_1.020a3c8c70862bb457cd90576a2bc444.jpeg?odnHeight=450&odnWidth=450&odnBg=FFFFFF,https://i5.walmartimages.com/asr/8cb99c21-c62f-4b7c-9277-eaef090082a7_1.bdd88bdb6f1f20be2b79177a196cfa19.jpeg?odnHeight=450&odnWidth=450&odnBg=FFFFFF,https://target.scene7.com/is/image/Target/GUEST_51786cc2-bf76-49a0-bb2d-98d46553e8c0,https://media.kohlsimg.com/is/image/kohls/1780800_Burgundy?wid=50&hei=50&op_sharpen=1,https://i5.walmartimages.com/asr/7d2ec9ab-defd-4626-b267-126f760014fa_1.eb68246430ab7254ff3e7a569d9a8274.jpeg?odnHeight=450&odnWidth=450&odnBg=FFFFFF,https://target.scene7.com/is/image/Target/GUEST_0af014a2-9af6-4128-afef-0a4ed14d2579,https://target.scene7.com/is/image/Target/GUEST_348f7cd2-51c3-403e-9fa0-ea519f1fed70,https://i5.walmartimages.com/asr/dd095d8e-3721-4560-87f7-126cbeab3c7c_1.faf5f6b89fed42e5cf37adfeac0c4113.jpeg?odnHeight=450&odnWidth=450&odnBg=FFFFFF,https://i5.walmartimages.com/asr/15c03dd0-20a9-42ae-9569-4fb0e0732375_1.c8486c5ddb4f0b4a5881d2f3a524be54.jpeg?odnHeight=450&odnWidth=450&odnBg=FFFFFF,https://target.scene7.com/is/image/Target/GUEST_b57d07c4-0dd4-4371-a2ef-c2f9d991f35f,https://i5.walmartimages.com/asr/530ec3fc-7130-4c05-8146-4a0286e1ea11_1.94a715400ebbed448c45771b9cf5acbe.jpeg?odnHeight=450&odnWidth=450&odnBg=FFFFFF,https://i5.walmartimages.com/asr/b592bb3d-b8e2-47dd-be86-53b2a93d35b5_1.19452b15c9726d70d4f0d69bf5f9de88.jpeg?odnHeight=450&odnWidth=450&odnBg=FFFFFF,https://media.kohlsimg.com/is/image/kohls/1780800_Burgundy?wid=1000&hei=1000&op_sharpen=1,https://i5.walmartimages.com/asr/38640065-f913-45b4-920b-a90e37adcba8_1.9157838980075f7f81e55c7ad1f65a1b.jpeg?odnHeight=450&odnWidth=450&odnBg=FFFFFF,https://i5.walmartimages.com/asr/0b23015c-962a-4c0b-b915-7778a75d59e0_1.6d735cd37ea0b47ca462ded4cf16b475.jpeg?odnHeight=450&odnWidth=450&odnBg=FFFFFF,https://target.scene7.com/is/image/Target/GUEST_977f3620-0835-4d83-a95b-473511e30f53,https://i5.walmartimages.com/asr/bbc4f506-65d4-4a8e-94dc-26cfa46bfc40_1.28576c90c2f0de03b3b2a9598caa872f.jpeg?odnHeight=450&odnWidth=450&odnBg=FFFFFF,https://i5.walmartimages.com/asr/99f54d5e-af6e-4fdc-af7b-a1a33bb0353b_1.fbb6b16857726ec2bb1122a319bae981.jpeg?odnHeight=450&odnWidth=450&odnBg=FFFFFF,https://i5.walmartimages.com/asr/cc204229-3c8a-4acc-af2d-b7928a77afa8_1.1d9f9921a15d2e45dc4dbfbad3e41406.jpeg?odnHeight=450&odnWidth=450&odnBg=FFFFFF,https://i5.walmartimages.com/asr/669ec6e3-d601-4e25-a3a4-7b5d955ec70c_1.4a34bdc8cc4149e3905b6e76e9091d82.jpeg?odnHeight=450&odnWidth=450&odnBg=FFFFFF","womensclogwithfurlining/556122745,033977172555,033977172579,mukluks/0015589605s,033977172517,033977172616,womensmuklukssnowflakeclogslippers/78106699,womensmuklukssnowflakeclogslippers/78106698,womensmuklukssnowflakeclogslippers/95378206,womensmuklukssnowflakeclogslippers/95378205,0033977172609,womensmuklukssnowflakeclogslippers/65701672,womensmuklukssnowflakeclogslippers/95378207,033977098275,033977098299,muklukswomensclogwithfurlining/556122745,033977172593,womensmuklukssnowflakeclogslippers/33635525,033977172586,033977172524,033977172623,muklukswomensfauxfurclog/552247165,033977172548,womensmuklukssnowflakeclogslippers/65701680,womensmuklukssnowflakeclogslippers/78106700,033977172609,womensmuklukssnowflakeclogslippers/65701679,033977098282,womensmuklukssnowflakeclogslippers/39671044,womensmuklukssnowflakeclogslippers/33635515,womensmuklukssnowflakeclogslippers/39671043,womensmuklukssnowflakeclogslippers/39671042,033977172562",,0015589605-S,Women's MUK LUKS¬Æ Faux Suede Clogs,24,12.79,,Brown,,USD,,"2017-11-02T09:00:00Z,2017-11-01T10:00:00Z",FALSE,,,,,MEDIUM,https://www.kohls.com/product/prd-1780800/womens-muk-luks-snowflake-clog-slippers.jsp,"S 5-6,SMALL,M 7-8,MEDIUM,LARGE,L 9-10,L 8-9","https://www.walmart.com/ip/Women-s-Clog-with-Fur-Lining/54317965?variantFieldId=actual_color,http://www.walmart.com/ip/Muk-Luks-Women-s-Clog-with-Fur-Lining/54317965,https://www.target.com/p/women-s-muk-luks-174-faux-suede-clogs/-/A-14080935?preselect=14079648#lnk=sametab,https://redsky.target.com/groot-domain-api/v1/reviews/51366954?sort=helpfulness_desc&limit=1000&offset=0,https://www.walmart.com/ip/Women-s-Clog-with-Fur-Lining/54317965,https://www.target.com/p/women-s-muk-luks-174-faux-suede-clogs/-/A-14080935,https://www.walmart.com/ip/MUK-LUKS-Women-s-Faux-Fur-Clog/16818237",33977098275,
AVpfLXyhilAPnD_xWmNc,2017-01-07T20:51:17Z,2018-01-03T05:22:07Z,,MUK LUKS,"Clothing,Shoes,Women's Shoes,All Women's Shoes",Shoes,"Navy,Grey",,33977132276,"https://i5.walmartimages.com/asr/33997517-2082-4c2e-aa1d-411f920fe7f8_1.12bd1109e37eb86925972396fdd39962.jpeg?odnHeight=450&odnWidth=450&odnBg=FFFFFF,https://i5.walmartimages.com/asr/1e327bdf-8bc9-47c6-9fd2-68b3381ef296_1.9f1aa88c9025f897b39079239c05b12a.jpeg?odnHeight=450&odnWidth=450&odnBg=FFFFFF,https://i5.walmartimages.com/asr/e4f650f1-db4c-49b9-89b5-8fa9ba9d669c_1.f4ef708b274294f98bf00668dea3ecb9.jpeg?odnHeight=450&odnWidth=450&odnBg=FFFFFF,https://i5.walmartimages.com/asr/df61fddb-b52e-4979-8661-542e994f83dc_1.60e82099e87e82679615e6d378db9654.jpeg?odnHeight=450&odnWidth=450&odnBg=FFFFFF,https://i5.walmartimages.com/asr/9531a4dd-b700-463e-afdd-f0e521de5d9a_1.83df969be86e4d7a74638d64db3aafe4.jpeg?odnHeight=450&odnWidth=450&odnBg=FFFFFF,https://i5.walmartimages.com/asr/34b890a0-c838-4f37-a822-25732567814e_1.3674e9bd1ec7e0a9e53608c4ef26de19.jpeg?odnHeight=450&odnWidth=450&odnBg=FFFFFF","mukluks/0003397713227,reliableofmilwuakee/0003397713227,0033977132276,muklukswomensmalenaboot/554233604,033977132276",Reliable of Milwuakee,3397713227,MUK LUKS Women's Malena Boot,59,39.88,In Stock,Navy,New,USD,2018-01-03T05:22:07Z,"2017-12-08T14:43:00.000Z,2017-11-10T15:36:00.000Z,2017-11-18T08:31:00.000Z",TRUE,Walmart.com,,,Standard,6,https://www.walmart.com/ip/MUK-LUKS-Women-s-Malena-Boot/45801251,"10,7,6,9,8",https://www.walmart.com/ip/MUK-LUKS-Women-s-Malena-Boot/45801251,33977132276,
AVpfeWdJ1cnluZ0-lXYU,2017-01-07T20:51:22Z,2018-01-30T06:18:34Z,,MUK LUKS,"Clothing,Shoes,Women's Shoes,Women's Winter Boots,All Women's Shoes,Women's Boots",Shoes,Brown,,33977132542,"https://i5.walmartimages.com/asr/bc1be340-3afc-462a-b952-ebe55d42afcf_1.c0948c55d89983257a1986348922158f.jpeg?odnHeight=450&odnWidth=450&odnBg=FFFFFF,https://i5.walmartimages.com/asr/7e2d6789-9813-4bcd-af42-73f8ffb23220_1.ba7b42c4e0ac8271fd8ed90e5a0d8a9a.jpeg?odnHeight=450&odnWidth=450&odnBg=FFFFFF,https://i5.walmartimages.com/asr/34c2fd73-4e1f-4bf8-a477-247438ed82a4_1.2900e7819b72470ac6bdd62877a165b4.jpeg?odnHeight=450&odnWidth=450&odnBg=FFFFFF,https://i5.walmartimages.com/asr/86ecc8c2-fd79-4e1d-9351-f23b246a4d75_1.71e91ae93268034613c887fbc40c371c.jpeg?odnHeight=450&odnWidth=450&odnBg=FFFFFF,https://i5.walmartimages.com/asr/92e0fe06-7568-4edf-9f54-fead0b68731b_1.a62789b3b76d5c60fb978b7d9b4a347e.jpeg?odnHeight=450&odnWidth=450&odnBg=FFFFFF,https://i5.walmartimages.com/asr/3f4453ce-f9f4-452b-a4f2-c99b4d8b85fa_1.6d6a01d69b28609ecc6f8d6660e9fbf0.jpeg?odnHeight=450&odnWidth=450&odnBg=FFFFFF","muklukswomensmalenaboot/554233887,033977132542,mukluks/0003397713254,0033977132542,reliableofmilwuakee/0003397713254",Reliable of Milwuakee,3397713254,MUK LUKS Women's Malena Boot,59,47.99,In Stock,Brown,New,USD,2018-01-30T06:18:34Z,2018-01-14T16:20:00.000Z,TRUE,Walmart.com,,,Expedited,6,https://www.walmart.com/ip/MUK-LUKS-Women-s-Malena-Boot/45800807,"10,7,6,9,8",https://www.walmart.com/ip/MUK-LUKS-Women-s-Malena-Boot/45800807,33977132542,
AVpf38PKLJeJML43FRwO,2016-11-04T02:01:08Z,2018-01-23T04:13:40Z,,MUK LUKS,"Clothing,Shoes,Women's Shoes,Women's Winter Boots,All Women's Shoes,Women's Boots",Shoes,"Black,Medium Beige",6.0 in x 6.0 in x 1.0 in,33977133433,"https://i5.walmartimages.com/asr/a11d2044-66a7-4a6a-bb80-d2abff680f16_1.556598448e35a5eed82142f002604689.jpeg?odnHeight=450&odnWidth=450&odnBg=FFFFFF,https://i5.walmartimages.com/asr/10e43fea-debf-41ba-8d6e-d971e6938560_1.161599576b68d50f48362afa956fcb38.jpeg?odnHeight=450&odnWidth=450&odnBg=FFFFFF,https://i5.walmartimages.com/asr/e36c1f3a-bfc3-4dbf-9b22-bf6fa03ac99f_1.defabcbdd97e2e11273e4e0a28fca73a.jpeg?odnHeight=450&odnWidth=450&odnBg=FFFFFF,https://i5.walmartimages.com/asr/8f5f9a0e-e646-49a9-96bd-bd4bde16440d_1.a56a3ba6ec1903aecf99798f486e4978.jpeg?odnHeight=450&odnWidth=450&odnBg=FFFFFF,https://i5.walmartimages.com/asr/c7613571-baec-4aaf-8f3e-9693ee36ec0a_1.e3761757bcbd88340e6d7481b585627c.jpeg?odnHeight=450&odnWidth=450&odnBg=FFFFFF","033977133433,0033977133433,reliableofmilwuakee/0003397713343,muklukswomenshaydenboot/554234724,mukluks/0003397713343",Reliable of Milwuakee,3397713343,MUK LUKS Women's Hayden Boot,95,62.8,In Stock,Medium Beige,New,USD,2017-11-19T14:06:52Z,2017-10-31T17:39:00.000Z,TRUE,Shoebuy.com,,,Value,6,https://www.walmart.com/ip/MUK-LUKS-Women-s-Hayden-Boot/45801768,"10,7,6,9,8",https://www.walmart.com/ip/MUK-LUKS-Women-s-Hayden-Boot/45801768,33977133433,
AVph9abqilAPnD_x_Nrp,2017-01-07T20:51:09Z,2018-01-04T11:52:59Z,,MUK LUKS,"Clothing,Shoes,Women's Shoes,All Women's Shoes,Women's Boots",Shoes,"Grey,Dark Brown,Chestnut,Brown",6.0 in x 6.0 in x 1.0 in,33977133976,"https://i5.walmartimages.com/asr/2bdab33e-79ec-4aa2-8f59-f3a807401879_1.eb22913d7c5e0857964bc8375993395b.jpeg?odnHeight=450&odnWidth=450&odnBg=FFFFFF,https://i5.walmartimages.com/asr/abcd3e2c-e974-46d0-908e-6459896d1930_1.7c87021539ad1923e4bbdfc57cbd4f73.jpeg?odnHeight=450&odnWidth=450&odnBg=FFFFFF,https://i5.walmartimages.com/asr/178fde13-ed79-4920-ab62-2d048b291e88_1.69dc6eabaf3dc53a10cdcb62c2dec1d7.jpeg?odnHeight=450&odnWidth=450&odnBg=FFFFFF,https://i5.walmartimages.com/asr/332d77a4-50ff-4ae8-b9c1-9cc2dd6b79bd_1.6b205823d6c1f6e356a4ed73923cdf6b.jpeg?odnHeight=450&odnWidth=450&odnBg=FFFFFF,https://i5.walmartimages.com/asr/72a12ac8-4dce-411b-898a-28293d250d7c_1.ac01136f37f9c0427e3651d7d9fd760a.jpeg?odnHeight=450&odnWidth=450&odnBg=FFFFFF","033977133976,muklukswomensdemiboot/554234398,reliableofmilwuakee/0003397713397,0033977133976,mukluks/0003397713397",Reliable of Milwuakee,3397713397,MUK LUKS Women's Demi Boot,68,41.27,Out Of Stock,Dark Brown,New,USD,2017-11-22T19:36:35Z,2017-11-01T02:49:00.000Z,TRUE,Walmart.com,,,,6,https://www.walmart.com/ip/MUK-LUKS-Women-s-Demi-Boot/45801178,"10,7,6,9,8","https://www.walmart.com/ip/MUK-LUKS-Women-s-Demi-Boot/45801178,https://www.walmart.com/reviews/product/45801178",33977133976,
AVpgNGD6ilAPnD_xpAke,2016-11-04T02:28:40Z,2018-01-04T08:03:19Z,,MUK LUKS,"Clothing,Shoes,Women's Shoes,Women's Winter Boots,All Women's Shoes,Women's Boots","Shoes,Shoes","Grey,Dark Brown,Taupe",,33977134935,"https://i5.walmartimages.com/asr/21df241e-5845-41be-aa02-a38c68d692e0_1.6bc823ea6b23466f57764bb6776ea604.jpeg?odnHeight=450&odnWidth=450&odnBg=FFFFFF,https://i5.walmartimages.com/asr/31c1ec34-817d-42ad-bc78-574fd38d966d_1.2723858383d5a0c668f19ec31898db34.jpeg?odnHeight=450&odnWidth=450&odnBg=FFFFFF,https://i5.walmartimages.com/asr/01b8f1d0-08a4-46cd-b330-2e4062082f2a_1.55fa92fd904ded01e38dd5aa0deabdcb.jpeg?odnHeight=450&odnWidth=450&odnBg=FFFFFF,https://i5.walmartimages.com/asr/4c4db7f5-e971-4f41-83a8-6c3aa557d1e5_1.ebc2e844a071374cf04b914bb04a5acd.jpeg?odnHeight=450&odnWidth=450&odnBg=FFFFFF,https://i5.walmartimages.com/asr/951a8f59-07f9-4661-86f0-475e4b21c496_1.5c4c6c324cd44e6077c9ef8087c858e0.jpeg?odnHeight=450&odnWidth=450&odnBg=FFFFFF,https://i5.walmartimages.com/asr/a90f9a18-a4e2-4999-a0d8-dc3cc1fd89fb_1.8ef991fb74a15bf8798b3e187471889b.jpeg?odnHeight=450&odnWidth=450&odnBg=FFFFFF,https://i5.walmartimages.com/asr/8cdbba93-7d8e-4134-abea-a34ff2993da0_1.6bc823ea6b23466f57764bb6776ea604.jpeg?odnHeight=450&odnWidth=450&odnBg=FFFFFF","muklukswomensnikkiboot/554233943,mukluks/0003397713493,033977134935,0033977134935,reliableofmilwuakee/0003397713493",Reliable of Milwuakee,3397713493,MUK LUKS Women's Nikki Boot,69,44.88,Out Of Stock,Dark Brown,New,USD,2018-01-04T08:03:19Z,"2017-12-08T14:33:00.000Z,2017-11-17T21:15:00.000Z,2017-11-10T05:52:00.000Z",TRUE,Walmart.com,,,,6,https://www.walmart.com/ip/MUK-LUKS-Women-s-Nikki-Boot/45800840,"10,7,6,9,8","https://www.walmart.com/ip/MUK-LUKS-Women-s-Nikki-Boot/45800840,https://www.walmart.com/ip/MUK-LUKS-Women-s-Nikki-Boot/45800840?variantFieldId=actual_color",33977134935,
AVpgBzl41cnluZ0-vSQf,2017-01-17T19:08:54Z,2018-01-28T10:16:47Z,,MUK LUKS,"Clothing,Shoes,Women's Shoes,All Women's Shoes",Shoes,"Black,Grey,Pewter",,33977157118,"https://i5.walmartimages.com/asr/3dedfe98-5ce9-402d-8eea-3835d57c2bb1_1.7b90f405c8d4b1a9e0cd9e7b66f37c8b.jpeg?odnHeight=450&odnWidth=450&odnBg=FFFFFF,https://i5.walmartimages.com/asr/e7c2ca5f-0766-497a-bb52-99653a057dda_1.045f2f83718149146a2892246a9a2341.jpeg?odnHeight=450&odnWidth=450&odnBg=FFFFFF,https://i5.walmartimages.com/asr/5a15d53e-b51f-4b7d-86ab-944f808b2732_1.00ed42fbd48e8b343ce07e5d57da7b22.jpeg?odnHeight=450&odnWidth=450&odnBg=FFFFFF,https://i5.walmartimages.com/asr/fc5c57dc-8996-4fbc-8424-4be4a09324ae_1.4173b3695cab68f807c9bae474e399e9.jpeg?odnHeight=450&odnWidth=450&odnBg=FFFFFF,https://i5.walmartimages.com/asr/50400b29-90ef-4f7a-b1ea-32c1b03c3b71_1.646f6cc76d0c15edc146819aa1eeea26.jpeg?odnHeight=450&odnWidth=450&odnBg=FFFFFF,https://i5.walmartimages.com/asr/08bea116-86d6-4bc0-a294-218953c88eee_1.b27c88c4abcdb681a7b2e8c225c3c67c.jpeg?odnHeight=450&odnWidth=450&odnBg=FFFFFF,http://i5.walmartimages.com/dfw/dce07b8c-c63d/k2-_a34faed0-bb15-4be1-88ef-66d1c6f470d9.v1.jpg","033977157118,muklukswomensellewedgesandals/555109372,mukluks/00164850016,0033977157118,reliableofmilwaukee/00164850016",Reliable of Milwaukee,0016485001-6,MUK LUKS Women's Elle Wedge Sandals,50,28.91,Out Of Stock,Black,New,USD,2018-01-28T10:16:47Z,2018-01-24T05:30:00.000Z,TRUE,Walmart.com,,,,6,https://www.walmart.com/ip/MUK-LUKS-Women-s-Elle-Wedge-Sandals/49212233,"10,7,6,9,8","https://www.walmart.com/ip/MUK-LUKS-Women-s-Elle-Wedge-Sandals/49212233,https://www.walmart.com/ip/MUK-LUKS-Women-s-Elle-Wedge-Sandals/49212233?variantFieldId=actual_color,http://www.walmart.com/ip/MUK-LUKS-Women-s-Elle-Wedge-Sandals/49212233",33977157118,
AVpgBzl41cnluZ0-vSQf,2017-01-17T19:08:54Z,2018-01-28T10:16:47Z,,MUK LUKS,"Clothing,Shoes,Women's Shoes,All Women's Shoes",Shoes,"Black,Grey,Pewter",,33977157118,"https://i5.walmartimages.com/asr/3dedfe98-5ce9-402d-8eea-3835d57c2bb1_1.7b90f405c8d4b1a9e0cd9e7b66f37c8b.jpeg?odnHeight=450&odnWidth=450&odnBg=FFFFFF,https://i5.walmartimages.com/asr/e7c2ca5f-0766-497a-bb52-99653a057dda_1.045f2f83718149146a2892246a9a2341.jpeg?odnHeight=450&odnWidth=450&odnBg=FFFFFF,https://i5.walmartimages.com/asr/5a15d53e-b51f-4b7d-86ab-944f808b2732_1.00ed42fbd48e8b343ce07e5d57da7b22.jpeg?odnHeight=450&odnWidth=450&odnBg=FFFFFF,https://i5.walmartimages.com/asr/fc5c57dc-8996-4fbc-8424-4be4a09324ae_1.4173b3695cab68f807c9bae474e399e9.jpeg?odnHeight=450&odnWidth=450&odnBg=FFFFFF,https://i5.walmartimages.com/asr/50400b29-90ef-4f7a-b1ea-32c1b03c3b71_1.646f6cc76d0c15edc146819aa1eeea26.jpeg?odnHeight=450&odnWidth=450&odnBg=FFFFFF,https://i5.walmartimages.com/asr/08bea116-86d6-4bc0-a294-218953c88eee_1.b27c88c4abcdb681a7b2e8c225c3c67c.jpeg?odnHeight=450&odnWidth=450&odnBg=FFFFFF,http://i5.walmartimages.com/dfw/dce07b8c-c63d/k2-_a34faed0-bb15-4be1-88ef-66d1c6f470d9.v1.jpg","033977157118,muklukswomensellewedgesandals/555109372,mukluks/00164850016,0033977157118,reliableofmilwaukee/00164850016",Reliable of Milwaukee,0016485001-6,MUK LUKS Women's Elle Wedge Sandals,50,29.91,Out Of Stock,Black,New,USD,2018-01-28T08:58:25Z,2018-01-14T11:16:00.000Z,TRUE,Walmart.com,,,,6,https://www.walmart.com/ip/MUK-LUKS-Women-s-Elle-Wedge-Sandals/49212233,"10,7,6,9,8","https://www.walmart.com/ip/MUK-LUKS-Women-s-Elle-Wedge-Sandals/49212233,https://www.walmart.com/ip/MUK-LUKS-Women-s-Elle-Wedge-Sandals/49212233?variantFieldId=actual_color,http://www.walmart.com/ip/MUK-LUKS-Women-s-Elle-Wedge-Sandals/49212233",33977157118,
AVpgBzl41cnluZ0-vSQf,2017-01-17T19:08:54Z,2018-01-28T10:16:47Z,,MUK LUKS,"Clothing,Shoes,Women's Shoes,All Women's Shoes",Shoes,"Black,Grey,Pewter",,33977157118,"https://i5.walmartimages.com/asr/3dedfe98-5ce9-402d-8eea-3835d57c2bb1_1.7b90f405c8d4b1a9e0cd9e7b66f37c8b.jpeg?odnHeight=450&odnWidth=450&odnBg=FFFFFF,https://i5.walmartimages.com/asr/e7c2ca5f-0766-497a-bb52-99653a057dda_1.045f2f83718149146a2892246a9a2341.jpeg?odnHeight=450&odnWidth=450&odnBg=FFFFFF,https://i5.walmartimages.com/asr/5a15d53e-b51f-4b7d-86ab-944f808b2732_1.00ed42fbd48e8b343ce07e5d57da7b22.jpeg?odnHeight=450&odnWidth=450&odnBg=FFFFFF,https://i5.walmartimages.com/asr/fc5c57dc-8996-4fbc-8424-4be4a09324ae_1.4173b3695cab68f807c9bae474e399e9.jpeg?odnHeight=450&odnWidth=450&odnBg=FFFFFF,https://i5.walmartimages.com/asr/50400b29-90ef-4f7a-b1ea-32c1b03c3b71_1.646f6cc76d0c15edc146819aa1eeea26.jpeg?odnHeight=450&odnWidth=450&odnBg=FFFFFF,https://i5.walmartimages.com/asr/08bea116-86d6-4bc0-a294-218953c88eee_1.b27c88c4abcdb681a7b2e8c225c3c67c.jpeg?odnHeight=450&odnWidth=450&odnBg=FFFFFF,http://i5.walmartimages.com/dfw/dce07b8c-c63d/k2-_a34faed0-bb15-4be1-88ef-66d1c6f470d9.v1.jpg","033977157118,muklukswomensellewedgesandals/555109372,mukluks/00164850016,0033977157118,reliableofmilwaukee/00164850016",Reliable of Milwaukee,0016485001-6,MUK LUKS Women's Elle Wedge Sandals,50,22.53,Out Of Stock,Black,New,USD,2018-01-04T08:03:29Z,2017-12-08T14:45:00.000Z,TRUE,Walmart.com,,,,6,https://www.walmart.com/ip/MUK-LUKS-Women-s-Elle-Wedge-Sandals/49212233,"10,7,6,9,8","https://www.walmart.com/ip/MUK-LUKS-Women-s-Elle-Wedge-Sandals/49212233,https://www.walmart.com/ip/MUK-LUKS-Women-s-Elle-Wedge-Sandals/49212233?variantFieldId=actual_color,http://www.walmart.com/ip/MUK-LUKS-Women-s-Elle-Wedge-Sandals/49212233",33977157118,
AVpivUm2ilAPnD_xHGfN,2017-01-07T20:51:08Z,2018-01-28T10:52:04Z,,MUK LUKS,"Clothing,Shoes,Women's Shoes,Women's Winter Boots,All Women's Shoes,Women's Boots",Shoes,"Charcoal Gray,Grey,Dark Brown,Moccasin,Light Gray,Medium Brown",,33977166448,"https://i5.walmartimages.com/asr/329a817d-1213-4d3e-aad8-c76470f63d97_1.37ae24969d1110ea0ecb8288aeaa7de7.jpeg?odnHeight=450&odnWidth=450&odnBg=FFFFFF,https://i5.walmartimages.com/asr/40cce627-f32e-4a0e-b69c-843f1ad26c78_1.5c8af07d2ebdb4c1e2a7037df3adcab7.jpeg?odnHeight=450&odnWidth=450&odnBg=FFFFFF,https://i5.walmartimages.com/asr/030ca6d8-a779-4fc9-8b3d-78bbda21a127_1.c6bfa91adaa4c79006c6e7bb550248eb.jpeg?odnHeight=450&odnWidth=450&odnBg=FFFFFF,https://i5.walmartimages.com/asr/eaaa221f-62fc-46f1-bd80-90663f0ebd42_1.52d28df52baae6267cf8261d84008d36.jpeg?odnHeight=450&odnWidth=450&odnBg=FFFFFF,https://i5.walmartimages.com/asr/2cc9113b-4ff1-40dc-b638-229063a52ee0_1.1f8556da4a17e5f4075d740797abf8a5.jpeg?odnHeight=450&odnWidth=450&odnBg=FFFFFF,https://i5.walmartimages.com/asr/da811ac1-07b9-47f3-a98e-5fd37c5f6ca9_1.72245315a56a2a4189159c4b70cbc101.jpeg?odnHeight=450&odnWidth=450&odnBg=FFFFFF","033977166448,muklukswomenspattiboots/550612043,mukluks/00166262016,reliableofmilwaukee/00166262016,0033977166448",Reliable of Milwaukee,0016626201-6,MUK LUKS Women's Patti Boots,57,57,Out Of Stock,Dark Brown,New,USD,2017-11-19T14:06:52Z,2017-10-31T17:39:00.000Z,FALSE,Slippers Dot Com,,,,6,https://www.walmart.com/ip/MUK-LUKS-Women-s-Patti-Boots/53721914,"10,7,6,9,8,11",https://www.walmart.com/ip/MUK-LUKS-Women-s-Patti-Boots/53721914,33977166448,
AVpivUm2ilAPnD_xHGfN,2017-01-07T20:51:08Z,2018-01-28T10:52:04Z,,MUK LUKS,"Clothing,Shoes,Women's Shoes,Women's Winter Boots,All Women's Shoes,Women's Boots",Shoes,"Charcoal Gray,Grey,Dark Brown,Moccasin,Light Gray,Medium Brown",,33977166448,"https://i5.walmartimages.com/asr/329a817d-1213-4d3e-aad8-c76470f63d97_1.37ae24969d1110ea0ecb8288aeaa7de7.jpeg?odnHeight=450&odnWidth=450&odnBg=FFFFFF,https://i5.walmartimages.com/asr/40cce627-f32e-4a0e-b69c-843f1ad26c78_1.5c8af07d2ebdb4c1e2a7037df3adcab7.jpeg?odnHeight=450&odnWidth=450&odnBg=FFFFFF,https://i5.walmartimages.com/asr/030ca6d8-a779-4fc9-8b3d-78bbda21a127_1.c6bfa91adaa4c79006c6e7bb550248eb.jpeg?odnHeight=450&odnWidth=450&odnBg=FFFFFF,https://i5.walmartimages.com/asr/eaaa221f-62fc-46f1-bd80-90663f0ebd42_1.52d28df52baae6267cf8261d84008d36.jpeg?odnHeight=450&odnWidth=450&odnBg=FFFFFF,https://i5.walmartimages.com/asr/2cc9113b-4ff1-40dc-b638-229063a52ee0_1.1f8556da4a17e5f4075d740797abf8a5.jpeg?odnHeight=450&odnWidth=450&odnBg=FFFFFF,https://i5.walmartimages.com/asr/da811ac1-07b9-47f3-a98e-5fd37c5f6ca9_1.72245315a56a2a4189159c4b70cbc101.jpeg?odnHeight=450&odnWidth=450&odnBg=FFFFFF","033977166448,muklukswomenspattiboots/550612043,mukluks/00166262016,reliableofmilwaukee/00166262016,0033977166448",Reliable of Milwaukee,0016626201-6,MUK LUKS Women's Patti Boots,59,42.88,Out Of Stock,Dark Brown,New,USD,2017-12-14T11:05:03Z,"2017-11-17T21:15:00.000Z,2017-11-10T05:50:00.000Z",TRUE,Walmart.com,,,,6,https://www.walmart.com/ip/MUK-LUKS-Women-s-Patti-Boots/53721914,"10,7,6,9,8,11",https://www.walmart.com/ip/MUK-LUKS-Women-s-Patti-Boots/53721914,33977166448,
AVpfGWT3ilAPnD_xU7MQ,2016-04-28T18:44:11Z,2018-06-05T22:29:16Z,,Sloggers,"Womens Shoes,Clothing,Women's Shoes,All Womens Shoes,Shoes,All Women's Shoes",Shoes,"N/a,Kiwi,Blue,Black",6.5 in x 8.5 in x 12.5 in,91053008129,"https://i5.walmartimages.com/asr/2535d006-6577-4146-bf19-b1a88c8aaab5_1.658a2146bb285ee098b12aecc0ef501f.jpeg?odnHeight=450&odnWidth=450&odnBg=FFFFFF,https://i5.walmartimages.com/asr/d878e562-e505-4d84-bc99-799130f72c62_1.f6e371f44bbef3ab4bb17211fec79da0.jpeg?odnHeight=450&odnWidth=450&odnBg=FFFFFF,https://i5.walmartimages.com/asr/8f4d8276-62de-4efc-b7c4-4f912fd3fbeb_1.87264efb34e575af2b5675c8ad429591.jpeg?odnHeight=450&odnWidth=450&odnBg=FFFFFF,https://i5.walmartimages.com/asr/2b9b1ddc-4c98-48b9-9209-7e2392b8e0b0_1.f7e70408ce86426db15d58c004e76a38.jpeg?odnHeight=450&odnWidth=450&odnBg=FFFFFF,https://i5.walmartimages.com/asr/dce55456-f1f7-4354-aba1-43ee79c3908d_1.c522fa29272708cc8603a094f5f86493.jpeg?odnHeight=450&odnWidth=450&odnBg=FFFFFF,https://i5.walmartimages.com/asr/2b8f2cc2-cf7d-4320-929a-71acd3d41160_1.6d3825ffde8ad05ef5fca964dc490499.jpeg?odnHeight=450&odnWidth=450&odnBg=FFFFFF,https://i5.walmartimages.com/asr/520a9c61-1269-45d4-b72f-622aaa310d8c_1.da449e1e15daa388dfbe3794521d067f.jpeg?odnHeight=450&odnWidth=450&odnBg=FFFFFF","sloggerswomensgardenoutfitterspremiumgardenclog/551555437,0091053008129,091053008129,sloggers/260gb06,sloggerswomensoutfitterspremiumgardenclog/551555437",Sloggers,260GB06,Sloggers Women's Outfitters Premium Garden Clog,32.44,32.44,In Stock,Blue,New,USD,,2018-05-28T07:00:00Z,FALSE,Walmart.com,,,Standard,6,https://www.walmart.com/ip/Sloggers-Women-s-Outfitters-Premium-Garden-Clog/19364805,"10,7,6,9,8","http://www.walmart.com/ip/Sloggers-Women-s-Garden-Outfitters-Premium-Garden-Clog/19364805?action=product_interest&action_type=title&item_id=19364805&placement_id=irs-2-b1&strategy=PWVAV&visitor_id&category=&customer_id_enc&config_id=2&parent_item_id=19364754&parent_anchor_item_id=19364754&bucket_id=irsbucketdefault&beacon_version=1.0.1&findingMethod=p13n,http://www.walmart.com/ip/Sloggers-Women-s-Garden-Outfitters-Premium-Garden-Clog/19364805?action=product_interest&action_type=title&item_id=19364805&placement_id=irs-2-b1&strategy=PWVAV&visitor_id&category=&customer_id_enc&config_id=2&parent_item_id=19364754&parent_anchor_item_id=19364754&bucket_id=irsbucketdefault&beacon_version=1.0.1&findingMethod=p13n#reviews,http://www.walmart.com/ip/Sloggers-Women-s-Garden-Outfitters-Premium-Garden-Clog/19364805?action=product_interest&action_type=title&item_id=19364805&placement_id=irs-2-m3&strategy=PWVUB&visitor_id&category=&customer_id_enc&config_id=2&parent_item_id=34348912&parent_anchor_item_id=34348912&bucket_id=irsbucketdefault&beacon_version=1.0.1&findingMethod=p13n,https://www.walmart.com/ip/19364805,https://www.walmart.com/ip/Sloggers-Women-s-Outfitters-Premium-Garden-Clog/19364805,http://www.walmart.com/ip/Sloggers-Women-s-Garden-Outfitters-Premium-Garden-Clog/19364805?action=product_interest&action_type=title&item_id=19364805&placement_id=irs-2-m3&strategy=PWVUB&visitor_id&category=&customer_id_enc&config_id=2&parent_item_id=19364754&parent_anchor_item_id=19364754&bucket_id=irsbucketdefault&beacon_version=1.0.1&findingMethod=p13n,http://www.walmart.com/ip/Sloggers-Women-s-Garden-Outfitters-Premium-Garden-Clog/19364805?action=product_interest&action_type=title&item_id=19364805&placement_id=irs-2-b1&strategy=PWVAV&visitor_id&category=&customer_id_enc&config_id=2&parent_item_id=19364928&parent_anchor_item_id=19364928&bucket_id=irsbucketdefault&beacon_version=1.0.1&findingMethod=p13n#reviews,http://www.walmart.com/ip/Sloggers-Women-s-Garden-Outfitters-Premium-Garden-Clog/19364805?action=product_interest&action_type=title&item_id=19364805&placement_id=irs-2-b1&strategy=PWVAV&visitor_id&category=&customer_id_enc&config_id=2&parent_item_id=19364928&parent_anchor_item_id=19364928&bucket_id=irsbucketdefault&beacon_version=1.0.1&findingMethod=p13n,https://www.walmart.com/reviews/product/19364805?limit=20&sort=relevancy&page=2,http://www.walmart.com/ip/Sloggers-Women-s-Garden-Outfitters-Premium-Garden-Clog/19364805?action=product_interest&action_type=title&item_id=19364805&placement_id=irs-2-m3&strategy=PWVUB&visitor_id&category=&customer_id_enc&config_id=2&parent_item_id=19364928&parent_anchor_item_id=19364928&bucket_id=irsbucketdefault&beacon_version=1.0.1&findingMethod=p13n,https://www.walmart.com/reviews/product/19364805,http://www.walmart.com/ip/Sloggers-Women-s-Garden-Outfitters-Premium-Garden-Clog/19364805,https://www.walmart.com/ip/Sloggers-Women-s-Garden-Outfitters-Premium-Garden-Clog/19364805,https://www.walmart.com/ip/Sloggers-Women-s-Garden-Outfitters-Premium-Garden-Clog/19364805?variantFieldId=actual_color",91053008129,
AVphXIhELJeJML43Z-74,2016-04-09T00:51:07Z,2018-01-04T11:52:59Z,,Dr. Scholl's,"Clothing,Shoes,Women's Shoes,Women's Dress Shoes,All Women's Shoes,Home Improvement,Work Safety Clothing and Equipment","Shoes,Shoes",Black,11.02 in x 7.09 in x 3.94 in,93641432231,"https://i5.walmartimages.com/asr/ba1708c9-ef0d-40ff-9167-4ea7b5ce82b7_1.d5a1fcfc01f5717162b9b53bd0140d28.jpeg?odnHeight=450&odnWidth=450&odnBg=FFFFFF,https://i5.walmartimages.com/asr/5781182b-a375-4540-84e9-003eabe4953d_1.e21c3bfb5f8bcf5bebac9d049d8f2ecb.jpeg?odnHeight=450&odnWidth=450&odnBg=FFFFFF,https://i5.walmartimages.com/asr/3e408780-72a2-43f1-8a46-1d71b99b4c2a_1.bc0760788397b54d9bf03ce724a6daf7.jpeg?odnHeight=450&odnWidth=450&odnBg=FFFFFF,https://i5.walmartimages.com/asr/0fe5f428-f708-4801-a351-6ff32c2536ef_1.eb55081b2e172d25da6a3e9094036ca9.jpeg?odnHeight=450&odnWidth=450&odnBg=FFFFFF","drschollswomensfreestyle/554508315,drscholls/wmds0641001,093641432231,0093641432231",,WMDS0641001,Dr. Scholl's Women's Freestyle,32.98,32.98,In Stock,Black,New,USD,2018-01-04T11:52:59Z,"2017-12-07T16:38:00.000Z,2017-11-16T13:14:00.000Z,2017-10-28T15:13:00.000Z,2017-10-27T15:27:00.000Z,2017-10-21T07:06:00.000Z",FALSE,Walmart.com,,,Expedited,6,https://www.walmart.com/ip/Dr-Scholl-s-Women-s-Freestyle/46573625,"10,7,6,9,8,11","https://www.walmart.com/ip/Dr-Scholl-s-Women-s-Freestyle/46573625,http://www.walmart.com/ip/Dr.-Scholl-s-Women-s-Freestyle/46573625,https://www.walmart.com/ip/Dr.-Scholl-s-Women-s-Freestyle/46573625",93641432231,
AVphX0ZbLJeJML43aHNG,2016-03-25T11:05:11Z,2018-01-04T08:02:27Z,,Genuine Dickies,"Clothing,Shoes,Women's Shoes,All Women's Shoes,Women's Casual Shoes,Women's Slippers","Shoes,Shoes","Black,Tan",4.09 in x 7.19 in x 6.53 in,97256259795,"https://i5.walmartimages.com/asr/e1268f6d-aa16-47bf-b3af-8fe13bd60f8d_1.e9a41be0b8bd2a6ee226d845d4407be0.jpeg?odnHeight=450&odnWidth=450&odnBg=FFFFFF,https://i5.walmartimages.com/asr/0b786fca-ce80-4c04-9849-719bf3c4dbba_1.f255ea91115907560bc4244bd2de9537.jpeg?odnHeight=450&odnWidth=450&odnBg=FFFFFF,https://i5.walmartimages.com/asr/d5388db4-65db-45d4-aaf7-72ea2550a198_1.2d5f36128e22acaaea0d4ddfba82ece6.jpeg?odnHeight=450&odnWidth=450&odnBg=FFFFFF","genuinedickieswomensrealsuedeclog/554090025,097256259795,0097256259795,genuinedickies/gd456",,GD456,Genuine Dickies Womens' Real Suede Clog,19.97,13.88,Out Of Stock,BLACK,New,USD,2018-01-04T08:02:27Z,"2017-12-08T13:38:00.000Z,2017-11-01T02:47:00.000Z",TRUE,Walmart.com,,,,6,https://www.walmart.com/ip/Genuine-Dickies-Womens-Real-Suede-Clog/45059872,"10,7,6,9,8","https://www.walmart.com/ip/Genuine-Dickies-Womens-Real-Suede-Clog/45059872,https://www.walmart.com/reviews/product/45059872,https://www.walmart.com/ip/Genuine-Dickies-Womens-Real-Suede-Clog/45059872?variantFieldId=actual_color,http://www.walmart.com/ip/Genuine-Dickies-Womens-Real-Suede-Clog/45059872?action=product_interest&action_type=title&item_id=45059872&placement_id=irs-2-b1&strategy=PWVAV&visitor_id&category=&customer_id_enc&config_id=2&parent_item_id=45059868&parent_anchor_item_id=45059868&bucket_id=irsbucketdefault&beacon_version=1.0.1&findingMethod=p13n#reviews,http://www.walmart.com/ip/Genuine-Dickies-Womens-Real-Suede-Clog/45059872?action=product_interest&action_type=title&item_id=45059872&placement_id=irs-2-m3&strategy=PWVUB&visitor_id&category=&customer_id_enc&config_id=2&parent_item_id=45059868&parent_anchor_item_id=45059868&bucket_id=irsbucketdefault&beacon_version=1.0.1&findingMethod=p13n,http://www.walmart.com/ip/Genuine-Dickies-Womens-Real-Suede-Clog/45059872?action=product_interest&action_type=title&item_id=45059872&placement_id=irs-2-b1&strategy=PWVAV&visitor_id&category=&customer_id_enc&config_id=2&parent_item_id=44411489&parent_anchor_item_id=44411489&bucket_id=irsbucketdefault&beacon_version=1.0.1&findingMethod=p13n#reviews,http://www.walmart.com/ip/Genuine-Dickies-Womens-Real-Suede-Clog/45059872?action=product_interest&action_type=title&item_id=45059872&placement_id=irs-2-b1&strategy=PWVAV&visitor_id&category=&client_guid=1b7471da-9a93-4e1b-886d-d1e4475b501b&customer_id_enc&config_id=2&parent_item_id=45067299&parent_anchor_item_id=45067299&guid=fe811551-a169-4c15-a10b-cb1026fb039c&bucket_id=irsbucketdefault&beacon_version=1.0.1&findingMethod=p13n#reviews,http://www.walmart.com/ip/Genuine-Dickies-Womens-Real-Suede-Clog/45059872?action=product_interest&action_type=title&item_id=45059872&placement_id=irs-2-m3&strategy=PWBAB&visitor_id&category=&client_guid=e055ed20-d8a9-46da-bb95-efa233ddbec9&customer_id_enc&config_id=2&parent_item_id=46694286&parent_anchor_item_id=46694286&guid=ebe46424-42fa-47ac-b8b6-904426390b5d&bucket_id=irsbucketdefault&beacon_version=1.0.1&findingMethod=p13n#reviews,http://www.walmart.com/ip/Genuine-Dickies-Womens-Real-Suede-Clog/45059872?action=product_interest&action_type=title&item_id=45059872&placement_id=irs-2-b1&strategy=PWVAV&visitor_id&category=&customer_id_enc&config_id=2&parent_item_id=44498650&parent_anchor_item_id=44498650&bucket_id=irsbucketdefault&beacon_version=1.0.1&findingMethod=p13n,http://www.walmart.com/ip/Genuine-Dickies-Womens-Real-Suede-Clog/45059872?action=product_interest&action_type=title&item_id=45059872&placement_id=irs-2-m3&strategy=PWBAB&visitor_id&category=&client_guid=e055ed20-d8a9-46da-bb95-efa233ddbec9&customer_id_enc&config_id=2&parent_item_id=46694286&parent_anchor_item_id=46694286&guid=ebe46424-42fa-47ac-b8b6-904426390b5d&bucket_id=irsbucketdefault&beacon_version=1.0.1&findingMethod=p13n,http://www.walmart.com/ip/Genuine-Dickies-Womens-Real-Suede-Clog/45059872?action=product_interest&action_type=title&item_id=45059872&placement_id=irs-2-m2&strategy=PWVUB&visitor_id&category=&customer_id_enc&config_id=2&parent_item_id=44498650&parent_anchor_item_id=44498650&bucket_id=irsbucketdefault&beacon_version=1.0.1&findingMethod=p13n#reviews,http://www.walmart.com/ip/Genuine-Dickies-Womens-Real-Suede-Clog/45059872,http://www.walmart.com/ip/Genuine-Dickies-Womens-Real-Suede-Clog/45059872?action=product_interest&action_type=title&item_id=45059872&placement_id=irs-2-m3&strategy=PWBAB&visitor_id&category=&customer_id_enc&config_id=2&parent_item_id=23543712&parent_anchor_item_id=23543712&bucket_id=irsbucketdefault&beacon_version=1.0.1&findingMethod=p13n#reviews,http://www.walmart.com/ip/Genuine-Dickies-Womens-Real-Suede-Clog/45059872?action=product_interest&action_type=title&item_id=45059872&placement_id=irs-2-m2&strategy=PWVUB&visitor_id&category=&client_guid=4607c331-fb53-4a44-94fe-d020173de55e&customer_id_enc&config_id=2&parent_item_id=45718438&parent_anchor_item_id=45718438&guid=caf6de7d-ebdb-4029-a1ee-fe609ad5f684&bucket_id=irsbucketdefault&beacon_version=1.0.1&findingMethod=p13n#reviews,http://www.walmart.com/ip/Genuine-Dickies-Womens-Real-Suede-Clog/45059872?action=product_interest&action_type=title&item_id=45059872&placement_id=irs-2-b1&strategy=PWVAV&visitor_id&category=&customer_id_enc&config_id=2&parent_item_id=44411489&parent_anchor_item_id=44411489&bucket_id=irsbucketdefault&beacon_version=1.0.1&findingMethod=p13n,http://www.walmart.com/ip/Genuine-Dickies-Womens-Real-Suede-Clog/45059872?action=product_interest&action_type=title&item_id=45059872&placement_id=irs-2-m2&strategy=PWVUB&visitor_id&category=&customer_id_enc&config_id=2&parent_item_id=44498650&parent_anchor_item_id=44498650&bucket_id=irsbucketdefault&beacon_version=1.0.1&findingMethod=p13n,http://www.walmart.com/ip/Genuine-Dickies-Womens-Real-Suede-Clog/45059872?action=product_interest&action_type=title&item_id=45059872&placement_id=irs-2-m3&strategy=PWBAB&visitor_id&category=&client_guid=825233e4-04af-443f-9b15-5164e8e72372&customer_id_enc&config_id=2&parent_item_id=44411518&parent_anchor_item_id=44411518&guid=b0aeda84-0c53-4983-8f44-ac76dea71969&bucket_id=irsbucketdefault&beacon_version=1.0.1&findingMethod=p13n#reviews,http://www.walmart.com/ip/Genuine-Dickies-Womens-Real-Suede-Clog/45059872?action=product_interest&action_type=title&item_id=45059872&placement_id=irs-2-m3&strategy=PWVUB&visitor_id&category=&client_guid=1b7471da-9a93-4e1b-886d-d1e4475b501b&customer_id_enc&config_id=2&parent_item_id=45067299&parent_anchor_item_id=45067299&guid=fe811551-a169-4c15-a10b-cb1026fb039c&bucket_id=irsbucketdefault&beacon_version=1.0.1&findingMethod=p13n,http://www.walmart.com/ip/Genuine-Dickies-Womens-Real-Suede-Clog/45059872?action=product_interest&action_type=title&item_id=45059872&placement_id=irs-2-m3&strategy=PWBAB&visitor_id&category=&client_guid=825233e4-04af-443f-9b15-5164e8e72372&customer_id_enc&config_id=2&parent_item_id=44411518&parent_anchor_item_id=44411518&guid=b0aeda84-0c53-4983-8f44-ac76dea71969&bucket_id=irsbucketdefault&beacon_version=1.0.1&findingMethod=p13n,http://www.walmart.com/ip/Genuine-Dickies-Womens-Real-Suede-Clog/45059872?action=product_interest&action_type=title&item_id=45059872&placement_id=irs-2-m2&strategy=PWVUB&visitor_id&category=&customer_id_enc&config_id=2&parent_item_id=44411489&parent_anchor_item_id=44411489&bucket_id=irsbucketdefault&beacon_version=1.0.1&findingMethod=p13n#reviews,http://www.walmart.com/ip/Genuine-Dickies-Womens-Real-Suede-Clog/45059872#Product+Reviews,http://www.walmart.com/ip/Genuine-Dickies-Womens-Real-Suede-Clog/45059872?action=product_interest&action_type=title&item_id=45059872&placement_id=irs-2-b1&strategy=PWVAV&visitor_id&category=&customer_id_enc&config_id=2&parent_item_id=45059868&parent_anchor_item_id=45059868&bucket_id=irsbucketdefault&beacon_version=1.0.1&findingMethod=p13n",97256259795,
AVpjDTKT1cnluZ0-TF44,2016-11-14T01:02:55Z,2018-01-04T08:03:26Z,,Mo Mo,"Clothing,Shoes,Women's Shoes,All Women's Shoes","Shoes,Shoes","Black,Fuchsia",15.0 in x 8.5 in x 5.5 in,1.90E+11,"https://i5.walmartimages.com/asr/9e3bb009-b5a2-46a1-a152-9d7513b634f5_1.beffc9cc7bb1de19a7c3418c9bcba2c2.jpeg?odnHeight=450&odnWidth=450&odnBg=FFFFFF,https://i5.walmartimages.com/asr/89c006ad-61e4-482d-b721-7b8f51970659_1.0fbba1b80f9cacc6bc1bceedfd81bae5.jpeg?odnHeight=450&odnWidth=450&odnBg=FFFFFF,https://i5.walmartimages.com/asr/c5035268-2cdb-42e6-b399-92da43437f99_1.efcc41c0fb6bbabecedaf4756c148575.jpeg?odnHeight=450&odnWidth=450&odnBg=FFFFFF,https://i5.walmartimages.com/asr/b376f882-8b13-4894-b572-1f200620d640_1.b229c9c327d90b7dacf8753f322263d9.jpeg?odnHeight=450&odnWidth=450&odnBg=FFFFFF,https://i5.walmartimages.com/asr/2f8a1ac3-43c2-4b7d-99d5-b399883025e8_1.fd7ba575b2c3878896e02d6ee4376454.jpeg?odnHeight=450&odnWidth=450&odnBg=FFFFFF","190008017985,momowomenscamistuddedthongsandal/554510268,momo/ess5106mo,0190008017985",,ESS5106MO,Mo Mo Women's Cami Studded Thong Sandal,24,13.88,In Stock,BLACK,New,USD,2018-01-04T08:03:26Z,"2017-12-08T14:42:00.000Z,2017-11-10T15:20:00.000Z,2017-11-18T08:31:00.000Z",TRUE,Walmart.com,,,Expedited,6,https://www.walmart.com/ip/Mo-Mo-Women-s-Cami-Studded-Thong-Sandal/46693766,"10,7,6,9,8,11","https://www.walmart.com/ip/Mo-Mo-Women-s-Cami-Studded-Thong-Sandal/46693766,https://www.walmart.com/reviews/product/46693766",1.90E+11,
AVphf6M51cnluZ0-DNIG,2017-01-23T05:30:06Z,2018-01-03T05:21:54Z,,Mo Mo,"Clothing,Shoes,Women's Shoes,All Women's Shoes","Shoes,Shoes","Black,Brown",,,"https://i5.walmartimages.com/asr/59910f01-2b30-4794-b604-8ebaddae0c80_1.91bb8bbc9e9b42a9f656cbd9574cbc02.jpeg?odnHeight=450&odnWidth=450&odnBg=FFFFFF,https://i5.walmartimages.com/asr/08d32d4a-8562-40f7-83bf-6cf97bb64a2d_1.a3819047c2cb40874bb25c4aa4ed8cf6.jpeg?odnHeight=450&odnWidth=450&odnBg=FFFFFF,https://i5.walmartimages.com/asr/790ba76e-a999-4aee-bbc7-0377f2dfa062_1.684f186cff231088ed45e696ed04c68c.jpeg?odnHeight=450&odnWidth=450&odnBg=FFFFFF,https://i5.walmartimages.com/asr/221e25a6-ed3d-410d-83c3-0579f078a3bf_1.54f901a2b3d2dfc0b59b6e583e18add0.jpeg?odnHeight=450&odnWidth=450&odnBg=FFFFFF,https://i5.walmartimages.com/asr/ff345be2-ed26-4aa3-ae20-78bab17eb999_1.10c28a7bcde004cd435db1072ee52e6b.jpeg?odnHeight=450&odnWidth=450&odnBg=FFFFFF","190008051460,momowomenslowheellaceupbootie/555680514,momo/ess5492mo",,ESS5492MO,MOMO Women's Low Heel Lace Up Bootie,24,24,Out Of Stock,Black,New,USD,2017-11-22T19:36:35Z,2017-11-01T02:49:00.000Z,FALSE,Walmart.com,,,,6,https://www.walmart.com/ip/MOMO-Women-s-Low-Heel-Lace-Up-Bootie/52014450,"10,7,6,9,8,11","https://www.walmart.com/ip/MOMO-Women-s-Low-Heel-Lace-Up-Bootie/52014450,https://www.walmart.com/ip/MOMO-Women-s-Low-Heel-Lace-Up-Bootie/52014450?variantFieldId=actual_color,https://www.walmart.com/ip/52014450",1.90E+11,
AVpfk-Q81cnluZ0-nUsT,2017-01-12T19:08:02Z,2018-01-03T05:21:54Z,,Mo Mo,"Clothing,Shoes,Women's Shoes,All Women's Shoes","Shoes,Shoes",Buckskin,,,"https://i5.walmartimages.com/asr/f4b4e005-3e87-4a87-b87a-90a6bb36f183_1.8923e442077711fdf93e4097f4efc024.jpeg?odnHeight=450&odnWidth=450&odnBg=FFFFFF,https://i5.walmartimages.com/asr/7271f850-524e-4624-9cb7-cd7e7e2c1ed7_1.05aff44f110488890604123179c0df3f.jpeg?odnHeight=450&odnWidth=450&odnBg=FFFFFF,https://i5.walmartimages.com/asr/0ea7eaab-4163-48bc-901c-7da5552fa0a4_1.78c883b72de477732ddd386509901099.jpeg?odnHeight=450&odnWidth=450&odnBg=FFFFFF,https://i5.walmartimages.com/asr/e2f075e0-ecaa-4163-b41f-2288d0cfec5b_1.ce84e8f19718dcaa6d189ea77ed7b254.jpeg?odnHeight=450&odnWidth=450&odnBg=FFFFFF,http://i5.walmartimages.com/dfw/dce07b8c-ea1d/k2-_921b42ed-c6e3-44ae-baeb-b5633e8e812e.v1.jpg,http://i5.walmartimages.com/asr/f4b4e005-3e87-4a87-b87a-90a6bb36f183_1.8923e442077711fdf93e4097f4efc024.jpeg?odnHeight=450&odnWidth=450","momowomensoutlanderheeledhikerboot/554510777,190008008860,momo/ess4821mo",,ESS4821MO,Mo Mo Women's Outlander Heeled Hiker Boot,36,28.4,In Stock,BUCKSKIN,New,USD,2017-08-01T06:06:03Z,2017-07-26T06:45:32.685Z,TRUE,Walmart.com,,,Expedited,6,https://www.walmart.com/ip/Mo-Mo-Women-s-Outlander-Heeled-Hiker-Boot/46693683,"10,7,6,9,8,11","https://www.walmart.com/ip/Mo-Mo-Women-s-Outlander-Heeled-Hiker-Boot/46693683,http://www.walmart.com/ip/Mo-Mo-Women-s-Outlander-Heeled-Hiker-Boot/46693683",1.90E+11,
AV_EeG8jKZqtpbFMTSuy,2017-11-16T10:51:47Z,2018-04-21T12:44:03Z,,SKECHERS,"Womens,Clothing,Women's Shoes,Boots,Shoes,Skechers,All Women's Shoes",Shoes,"Chestnut,Chocolate,Black",,,"https://i5.walmartimages.com/asr/a225f4e4-7a65-42b2-ba89-20e753487a85_1.8cf35935091c88be0f8743f631eb2d17.jpeg?odnHeight=450&odnWidth=450&odnBg=FFFFFF,https://media.kohlsimg.com/is/image/kohls/3089741_Black?wid=50&hei=50&op_sharpen=1,https://media.kohlsimg.com/is/image/kohls/3089741_Black?wid=1000&hei=1000&op_sharpen=1,https://i5.walmartimages.com/asr/a87c87b1-ae23-4643-a4c8-a9eb3bc12b5f_1.56d168af555afd100844ead2f574a0e7.jpeg?odnHeight=450&odnWidth=450&odnBg=FFFFFF,https://i5.walmartimages.com/asr/fce61a84-c7a8-4001-910d-c87cb51baec8_1.c216a7cf6be9fe1322a51aedd089fa88.jpeg?odnHeight=450&odnWidth=450&odnBg=FFFFFF,https://i5.walmartimages.com/asr/3035c5dc-4546-48f0-a65f-6159a7206512_1.a74199a4ec4d7c9a07f16ea8f7d0eec6.jpeg?odnHeight=450&odnWidth=450&odnBg=FFFFFF,https://i5.walmartimages.com/asr/0a41276b-fb44-4499-b051-abda5188644a_1.ab8fe44f9b9a208935ddf032be0bde09.jpeg?odnHeight=450&odnWidth=450&odnBg=FFFFFF,https://i5.walmartimages.com/asr/0a13bd57-3b2f-436d-8800-a0b21d2dcaaf_1.cde8f3ed9a9b33e7ffa7eb7544bd0a4b.jpeg?odnHeight=450&odnWidth=450&odnBg=FFFFFF","skechersrelaxedfitbikerslondonerwomensankleboots/53037250,skechersrelaxedfitbikerslondonerwomensankleboots/53037251,skechersrelaxedfitbikerslondonerwomensankleboots/53037252,190211654793,190211654595,skechersrelaxedfitbikerslondonerwomensankleboots/53037253,skechersrelaxedfitbikerslondonerwomensankleboots/53037254,190211654670,skechersrelaxedfitbikerslondonerwomensankleboots/53037255,190211654632,190211654830,190211654557,skechersrelaxedfitbikerslondonerwomensankleboots/63870776,190211654717,skechersrelaxedfitbikerslondonerwomensankleboots/63870775,skechersrelaxedfitbikerslondonerwomensankleboots/63870778,skechersrelaxedfitbikerslondonerwomensankleboots/63870777,skechersrelaxedfitbikerslondonerwomensankleboots/63870772,skechersrelaxedfitbikerslondonerwomensankleboots/63870771,skechersrelaxedfitbikerslondonerwomensankleboots/63870774,skechersrelaxedfitbikerslondonerwomensankleboots/63870773,skechersrelaxedfitbikerslondonerwomensankleboots/38143127,skechersrelaxedfitbikerslondonerwomensankleboots/53037256,skechers/49346blk,190211654540,190211654786,190211654588,190211654663,190211654625,190211654823,190211654700,skechersrelaxedfitbikerslondonerwomensankleboots/63870767,skechersrelaxedfitbikerslondonerwomensankleboots/63870766,skechers/49346choc,skechersrelaxedfitbikerslondonerwomensankleboots/53037246,skechersrelaxedfitbikerslondonerwomensankleboots/53037248,skechersrelaxedfitbikerslondonerwomensankleboots/63870769,skechersrelaxedfitbikerslondonerwomensankleboots/53037249,skechersrelaxedfitbikerslondonerwomensankleboots/63870768,skechersrelaxedfitbikerslondonerwomensankleboots/38143154,190211654694,190211654571,190211654533,190211654731,190211654779,190211654656,190211654854,190211654816,190211654618,skechersrelaxedfitbikerslondonerwomensankleboots/38143147,skechersrelaxedfitbikerslondonerwomensankleboots/38143145,skechersrelaxedfitbikerslondonerwomensankleboots/38143146,skechersrelaxedfitbikerslondonerwomensankleboots/38143144,190211654687,190211654762,190211654564,190211654526,190211654724,190211654601,190211654649,190211654847,190211654809,skechersrelaxedfitbikerslondonerwomensankleboots/38143136,skechersrelaxedfitbikerslondonerwomensankleboots/38143137,skechersrelaxedfitbikerslondonerwomensankleboots/38143134,skechersrelaxedfitbikerslondonerwomensankleboots/38143135",,49346-CHOC,"Women's Skechers, Relaxed Fit Bikers Londoner Ankle Boots",74.99,74.99,,Black,,USD,,"2017-11-05T08:00:00Z,2017-11-02T07:00:00Z,2017-11-04T12:00:00Z,2017-11-03T07:00:00Z,2017-11-01T10:00:00Z",FALSE,,,,,9.5,https://www.kohls.com/product/prd-3089741/skechers-relaxed-fit-bikers-londoner-womens-ankle-boots.jsp,"5,5.5,6,6.5,7,7.5,8,8.5,9,9.5,10,11","http://www.walmart.com/ip/Women-s-Skechers-Relaxed-Fit-Bikers-Londoner-Ankle-Boots/761031318,https://www.walmart.com/ip/Women-s-Skechers-Relaxed-Fit-Bikers-Londoner-Ankle-Boots/688540422,https://www.kohls.com/product/prd-3089741/skechers-relaxed-fit-bikers-londoner-womens-ankle-boots.jsp",1.90E+11,
AVphuQmk1cnluZ0-FqyR,2016-11-02T20:07:34Z,2018-01-30T06:07:43Z,,FOREVER YOUNG,"Clothing,Shoes,Women's Shoes,All Women's Shoes,Home Improvement,Work Safety Clothing and Equipment",Shoes,"Black,Red",,6.01E+11,"https://i5.walmartimages.com/asr/5dc80103-df9f-4cce-aed7-45283e370706_1.bf46660e927cbda3c584bbe1fe2cb899.jpeg?odnHeight=450&odnWidth=450&odnBg=FFFFFF,https://i5.walmartimages.com/asr/1e09d1dd-ec71-4259-b8e4-37d49962ffe9_1.a5fe0b081383c5a269b488dc072680cb.jpeg?odnHeight=450&odnWidth=450&odnBg=FFFFFF,https://i5.walmartimages.com/asr/cfbcefed-7aab-4810-9db8-6fa12e1a1740_1.9f81645fd6ac0f59de0a5c8adb81edb3.jpeg?odnHeight=450&odnWidth=450&odnBg=FFFFFF,https://i5.walmartimages.com/asr/20af9790-d4f3-4a71-a95b-51d52da858d7_1.b72aa362e1b09d8f2aac7134a6cd257f.jpeg?odnHeight=450&odnWidth=450&odnBg=FFFFFF,https://i5.walmartimages.com/asr/b199b792-4f16-4953-a5ee-98242f8391e0_1.d98a14ac9711208e084aefce190a3a5a.jpeg?odnHeight=450&odnWidth=450&odnBg=FFFFFF,https://i5.walmartimages.com/asr/5dc80103-df9f-4cce-aed7-45283e370706_1.33d3a9659b513f85124dfab6fc3e3fe3.jpeg?odnHeight=450&odnWidth=450&odnBg=FFFFFF","601443191593,foreveryoung/rb1502,foreveryoungwomensclassicshortrainboot/556300151,0601443191593",,RB-1502,Forever Young Women's Classic Short Rain Boot,45.99,45.99,In Stock,Red,New,USD,2017-08-01T06:05:22Z,2017-07-26T06:43:50.742Z,FALSE,Walmart.com,,,Expedited,6,https://www.walmart.com/ip/Forever-Young-Women-s-Classic-Short-Rain-Boot/54590695,6,https://www.walmart.com/ip/Forever-Young-Women-s-Classic-Short-Rain-Boot/54590695,6.01E+11,
AVpfWLtyilAPnD_xaGle,2017-01-24T18:09:32Z,2018-06-05T22:28:50Z,,Unbranded,"Women's Casual Shoes,Womens Casual Shoes,Womens Shoes,Clothing,Women's Shoes,Shoes,All Women's Shoes",Shoes,Black,6.00 in x 6.00 in x 1.00 in,6.05E+11,"https://i5.walmartimages.com/asr/d6d54509-b455-44ec-9360-048c4c67cfd2_1.7f86f7afac12bedd30f638a0bdf38070.jpeg?odnHeight=450&odnWidth=450&odnBg=FFFFFF,https://i5.walmartimages.com/asr/027a0861-5be1-45e3-a80f-3160afaaa33b_1.957033e07714d582b6654e1a3147cb1e.jpeg?odnHeight=450&odnWidth=450&odnBg=FFFFFF,https://i5.walmartimages.com/asr/82d2e2a6-efa1-4622-8481-732846c18717_1.81f9ac62a1fe0e7b028df5bdb82b5972.jpeg?odnHeight=450&odnWidth=450&odnBg=FFFFFF,https://i5.walmartimages.com/asr/bed2f9f6-ae74-43ab-8910-d29495319010_1.39181794e42730fdb79c0877229cd392.jpeg?odnHeight=450&odnWidth=450&odnBg=FFFFFF,https://i5.walmartimages.com/asr/4a4d4631-5ed2-4f22-9ed6-4d7be752ae76_1.4c5b17a73d8780654cfd5cd9cad95b62.jpeg?odnHeight=450&odnWidth=450&odnBg=FFFFFF","timetruwomensbasicballetflat/550876837,womensbasicballetflat/556134960,womensbasicballetflat/550876837,605388211125,unbranded/wmub0420000,womensbasicballetflat/550877992,605388211101,0605388211101,womensbasicballetflat/550878004,605388211149,womensbasicballetflat/565265201,womensbasicballetflat/565229573,605388211187,605388211132,605388211163",,WMUB0420000,Time and Tru Women's Basic Ballet Flat,5.87,4.88,In Stock,Black,New,USD,,2017-10-24T12:00:00Z,TRUE,Walmart.com,,,,6,https://www.walmart.com/ip/Women-s-Basic-Ballet-Flat/50921602,"8.5,10,7,6,9.5,6.5,7.5,9,8,11","https://www.walmart.com/ip/Women-s-Basic-Ballet-Flat/50921595,https://www.walmart.com/ip/Time-and-Tru-Women-s-Basic-Ballet-Flat/50921602,https://www.walmart.com/ip/Women-s-Basic-Ballet-Flat/50921597,https://www.walmart.com/ip/Womens-Unbranded-Ballet-Basic01/50921591,https://www.walmart.com/ip/Women-s-Basic-Ballet-Flat/50921598,https://www.walmart.com/ip/Women-s-Basic-Ballet-Flat/50921602,https://www.walmart.com/ip/Womens-Unbranded-Ballet-Basic01/50921599,https://www.walmart.com/reviews/product/50921602",6.05E+11,
AVphQm0-ilAPnD_x3RCO,2017-01-07T19:38:39Z,2018-04-07T06:04:12Z,,Unbranded,"Clothing,Shoes,Womens Shoes,Womens Casual Shoes,Women's Shoes,Women's Casual Shoes,All Women's Shoes",Shoes,White,,6.05E+11,"https://i5.walmartimages.com/asr/3802e9b5-e695-4110-a92d-ce4718d47e20_1.0ed0f68eec36d040cc2a8c5793b5943d.jpeg?odnHeight=450&odnWidth=450&odnBg=FFFFFF,https://i5.walmartimages.com/asr/4b80e580-d978-4461-a78e-45f04d21cefd_1.cb049155bef492793144d73618eda197.jpeg?odnHeight=450&odnWidth=450&odnBg=FFFFFF,https://i5.walmartimages.com/asr/870dfcb8-b3d8-4e68-a069-d8774d5e2b1a_1.b22b16492b31b39fb108921edab127e3.jpeg?odnHeight=450&odnWidth=450&odnBg=FFFFFF,https://i5.walmartimages.com/asr/3321fe10-9bcf-4f01-8ef2-06b0fcc6a396_1.59a14936d367229c16c09e318bc55e1a.jpeg?odnHeight=450&odnWidth=450&odnBg=FFFFFF","womensessentiallightweightathleticshoe/550024969,unbranded/wmub0500000,605388177988,0605388177988",,WMUB0500000,Women's Essential Light Weight Athletic Shoe,9.62,9.62,Out Of Stock,White,New,USD,,"2018-03-22T19:00:00Z,2018-03-03T19:00:00Z,2017-12-04T23:00:00Z,2017-11-16T13:00:00Z,2017-10-27T14:00:00Z",FALSE,Walmart.com,,,,6,https://www.walmart.com/ip/Women-s-Essential-Light-Weight-Athletic-Shoe/50675616,"8.5,10,7,6,9.5,6.5,7.5,9,8,11","https://www.walmart.com/ip/Women-s-Essential-Light-Weight-Athletic-Shoe/50675616,https://www.walmart.com/reviews/product/50675616",6.05E+11,
AVpe_2h81cnluZ0-boAU,2017-01-17T19:02:11Z,2018-01-30T02:18:52Z,,Faded Glory,"Clothing,Shoes,Women's Shoes,Women's Casual Shoes,All Women's Shoes",Shoes,Grey,,6.05E+11,"https://i5.walmartimages.com/asr/97cab268-d50e-466b-affd-923e23e9b50e_1.aa191d7ec75aef329502caca4fae21d3.jpeg?odnHeight=450&odnWidth=450&odnBg=FFFFFF,https://i5.walmartimages.com/asr/7209f3c8-71da-426c-a2a1-ee85e75700e2_1.580240a075d306f120736c9225711423.jpeg?odnHeight=450&odnWidth=450&odnBg=FFFFFF,https://i5.walmartimages.com/asr/5bb63c98-cc34-422d-bf6c-c13d0c71d4ce_1.28493b81d8255a7ebfa7bcab09d1f5a5.jpeg?odnHeight=450&odnWidth=450&odnBg=FFFFFF,https://i5.walmartimages.com/asr/f994be08-0290-4696-902c-cac281620a1d_1.9dcc4fefad06fe7c712e34aa1aeb91a8.jpeg?odnHeight=450&odnWidth=450&odnBg=FFFFFF,https://i5.walmartimages.com/asr/2e473954-eb39-4c0f-adbb-f45dd3948d54_1.0c3df0a59471b6862f24b59b58b9d3b7.jpeg?odnHeight=450&odnWidth=450&odnBg=FFFFFF","fadedglorywomensprintedtwingorecanvasshoe/555354191,fadedglory/wmfg46dp001,605388235077,0605388235077",,WMFG46DP001,Faded Glory Women's Printed Twin Gore Canvas Shoe,12.44,7.88,Out Of Stock,Grey,New,USD,2018-01-30T02:18:52Z,"2018-01-09T20:12:00.000Z,2017-10-28T15:03:00.000Z,2017-10-27T15:22:00.000Z,2017-10-24T13:14:00.000Z",TRUE,Walmart.com,,,,6,https://www.walmart.com/ip/Faded-Glory-Women-s-Printed-Twin-Gore-Canvas-Shoe/50921500,"10,7,6,9,8,11","https://www.walmart.com/ip/Faded-Glory-Women-s-Printed-Twin-Gore-Canvas-Shoe/50921500,https://www.walmart.com/ip/Faded-Glory-Women-s-Printed-Twin-Gore-Canvas-Shoe/50921500?variantFieldId=actual_color,https://www.walmart.com/ip/Faded-Glory-Women-s-Printed-Twin-Canvas-Shoe/50921500",6.05E+11,
AVpe9ZxsilAPnD_xRzci,2017-01-17T19:02:12Z,2018-01-28T09:01:21Z,,Faded Glory,"Clothing,Shoes,Women's Shoes,Women's Casual Shoes,All Women's Shoes",Shoes,Taupe,,6.05E+11,"https://i5.walmartimages.com/asr/4c876b8a-1f17-4fc4-b620-ead8011a2c3b_1.2dcf5a58a00697d757fec54612c7825a.jpeg?odnHeight=450&odnWidth=450&odnBg=FFFFFF,https://i5.walmartimages.com/asr/8e30e2b3-ff5c-443b-9925-76afd52fe271_1.846c2a983a5714059876d9fccf5954d9.jpeg?odnHeight=450&odnWidth=450&odnBg=FFFFFF,https://i5.walmartimages.com/asr/99605041-17c9-48a5-a011-1c6da0130edf_1.4ed8a7bce768acc59e19b3a1145d4699.jpeg?odnHeight=450&odnWidth=450&odnBg=FFFFFF,https://i5.walmartimages.com/asr/cc5ce4de-b955-4c37-806c-788614b61bae_1.76c8da53d68ced4202fd8e876c5229ce.jpeg?odnHeight=450&odnWidth=450&odnBg=FFFFFF,https://i5.walmartimages.com/asr/3a98816e-3c0e-4664-87d6-bb5193b495ef_1.72fba1e7e34404cd58e9cdd74772abbe.jpeg?odnHeight=450&odnWidth=450&odnBg=FFFFFF,https://i5.walmartimages.com/asr/67fbdd01-b43a-4b82-bda1-9477a9123635_1.5ba65ad04d604616e626bc519784425a.jpeg?odnHeight=450&odnWidth=450&odnBg=FFFFFF","fadedglorywomenswalkmoccasinshoe/550866957,fadedglory/wmfg46dp026,605388241146,0605388241146",,WMFG46DP026,Faded Glory Women's  Walk Moccasin Shoe,16.97,16.97,Out Of Stock,TAUPE,New,USD,2018-01-28T09:01:21Z,2018-01-14T17:10:00.000Z,FALSE,Walmart.com,,,,6,https://www.walmart.com/ip/Faded-Glory-Women-s-Walk-Moccasin-Shoe/50922158,"10,7,6,9,8,11","https://www.walmart.com/ip/Faded-Glory-Women-s-Walk-Moccasin-Shoe/50922158,https://www.walmart.com/reviews/product/50922158",6.05E+11,
AVpgOcmuilAPnD_xpVft,2017-01-20T18:06:35Z,2018-01-28T09:01:15Z,,Unbranded,"Clothing,Shoes,Women's Shoes,All Women's Shoes",Shoes,"Maroon,Leopard,Grey",6.00 in x 6.00 in x 1.00 in,6.05E+11,"https://i5.walmartimages.com/asr/ad0a9927-7643-4a97-81eb-dfd9867b3689_1.27d1df7d7f5584eaf80cceba0e3a5b4b.jpeg?odnHeight=450&odnWidth=450&odnBg=FFFFFF,https://i5.walmartimages.com/asr/498c18bb-aee4-40c7-a136-c0e9778cf387_1.560161a83fea43a161e0c6ad871d87c2.jpeg?odnHeight=450&odnWidth=450&odnBg=FFFFFF,https://i5.walmartimages.com/asr/fb4464b2-965a-43f2-aa1a-f99e0837a654_1.7c56467923333b97f28298d263f65775.jpeg?odnHeight=450&odnWidth=450&odnBg=FFFFFF,https://i5.walmartimages.com/asr/97c2e861-c4fc-4516-ab18-46871ac4603d_1.71483ae839e797ba177d252007648975.jpeg?odnHeight=450&odnWidth=450&odnBg=FFFFFF,https://i5.walmartimages.com/asr/09318778-a96f-4037-9bad-a64b96a43663_1.291f64a32a7e9b32053b91f8932b6638.jpeg?odnHeight=450&odnWidth=450&odnBg=FFFFFF","womensessentialballetflat/555234454,605388233851,unbranded/wmub46dp007,0605388233851",,WMUB46DP007,Women's Essential Ballet Flat,5.87,4.96,Out Of Stock,Maroon,New,USD,2018-01-28T09:01:15Z,"2018-01-14T17:00:00.000Z,2017-12-08T14:25:00.000Z,2017-11-17T21:15:00.000Z,2017-10-31T17:40:00.000Z",TRUE,Walmart.com,,,,6,https://www.walmart.com/ip/Women-s-Essential-Ballet-Flat/50922798,"8.5,10,7,6,9.5,6.5,7.5,9,8,11","https://www.walmart.com/ip/Women-s-Essential-Ballet-Flat/50922798,https://www.walmart.com/reviews/product/50922798,https://www.walmart.com/ip/Women-s-Essential-Ballet-Flat/50922798?variantFieldId=actual_color",6.05E+11,
AVpe56NT1cnluZ0-Zey_,2016-11-13T01:32:52Z,2018-01-03T05:22:08Z,,Faded Glory,"Clothing,Shoes,Women's Shoes,All Women's Shoes","Shoes,Shoes",Brown,6.00 in x 6.00 in x 1.00 in,6.05E+11,"https://i5.walmartimages.com/asr/b8ec3e17-1212-4296-b9e1-e9034e140966_1.50a012f47f90ad6efab9260f7a7fe6f2.jpeg?odnHeight=450&odnWidth=450&odnBg=FFFFFF,https://i5.walmartimages.com/asr/ef1517a3-d5a6-4c1f-baff-5592b2fb56f1_1.6856cd920571c926194d1a5a7081d9cc.jpeg?odnHeight=450&odnWidth=450&odnBg=FFFFFF,https://i5.walmartimages.com/asr/d9a599f9-8a5f-4590-a5fc-893c37714d1a_1.d54b44cb25a816e22627d2779a598a67.jpeg?odnHeight=450&odnWidth=450&odnBg=FFFFFF,https://i5.walmartimages.com/asr/e0f04cd8-2a40-47ef-b337-617eccaa52ca_1.b57a4a7e2aabeed5a5c79495e3e31d6b.jpeg?odnHeight=450&odnWidth=450&odnBg=FFFFFF,https://i5.walmartimages.com/asr/3a37ed7c-a761-4e51-a5f9-5cd9bf670c51_1.1cb8ce82bf85308a44709e4c2c783d06.jpeg?odnHeight=450&odnWidth=450&odnBg=FFFFFF","605388241382,fadedglorywomenszipperboot/555269789,fadedglory/wmfg46dp021,0605388241382",,WMFG46DP021,Faded Glory Women's Zipper Boot,19.97,14.88,Out Of Stock,Brown,New,USD,2018-01-03T05:22:08Z,2017-12-08T14:43:00.000Z,TRUE,Walmart.com,,,,6,https://www.walmart.com/ip/Faded-Glory-Women-s-Zipper-Boot/50922296,"8.5,10,7,6,6.5,7.5,9,8,11","https://www.walmart.com/ip/Faded-Glory-Women-s-Zipper-Boot/50922296,https://www.walmart.com/reviews/product/50922296,https://www.walmart.com/ip/Faded-Glory-Women-s-Zipper-Boot-ONLINE-ONLY/50922296",6.05E+11,
AVph34uzilAPnD_x-STz,2017-01-23T05:30:38Z,2018-01-30T06:16:48Z,,Victoria K.,"Clothing,Shoes,Women's Shoes,All Women's Shoes",Shoes,"Black,Red",,6.64E+11,"https://i5.walmartimages.com/asr/8249b7f3-20f0-4ec1-a844-cf6e28d3222a_1.411bb26ba5e6276e0372c839816d9f75.jpeg?odnHeight=450&odnWidth=450&odnBg=FFFFFF,https://i5.walmartimages.com/asr/51e065d2-3efc-41eb-a73d-3e89a155f6c4_1.01b00ef4db3b23d3ffaf84fbff183ac2.jpeg?odnHeight=450&odnWidth=450&odnBg=FFFFFF,https://i5.walmartimages.com/asr/7de77410-e823-4dea-8041-f01844330198_1.cff2c810025a62e8eea992e947b8e067.jpeg?odnHeight=450&odnWidth=450&odnBg=FFFFFF,https://i5.walmartimages.com/asr/7b7b0f57-c332-4956-9923-35d13430b30d_1.20717dd7679f3511bc93e3362d60b1ba.jpeg?odnHeight=450&odnWidth=450&odnBg=FFFFFF,https://i5.walmartimages.com/asr/394d967a-8c28-4888-94c4-127e3a0e4a65_1.e0422eee30bbad326c9c7dfdca626bba.jpeg?odnHeight=450&odnWidth=450&odnBg=FFFFFF","663516274046,victoriak/663516274046,victoriakwomensfashionchainlinkstrapsandal/556302758,s1944red6/663516274046,0663516274046",S-1944-red-6,6.64E+11,Victoria K. Women's Fashion Chain Link Strap Sandal,15.88,15.88,In Stock,Red,New,USD,2018-01-30T06:16:48Z,"2018-01-14T11:17:00.000Z,2017-12-08T10:33:00.000Z,2017-11-18T19:11:00.000Z,2017-11-10T13:38:00.000Z,2017-10-31T20:56:00.000Z",FALSE,DAILYWEAR  SPORTSWEAR CORP.,,,Value,6,https://www.walmart.com/ip/Victoria-K-Women-s-Fashion-Chain-Link-Strap-Sandal/54590125,"10,7,6,9,8","https://www.walmart.com/ip/Victoria-K-Women-s-Fashion-Chain-Link-Strap-Sandal/54590125,https://www.walmart.com/ip/Victoria-K.-Women-s-Fashion-Chain-Link-Strap-Sandal/54590125,https://www.walmart.com/ip/54590125",6.64E+11,
AV-nbLQOHh53nbDR_Ugl,2017-11-10T19:33:31Z,2018-01-28T10:20:57Z,,Keds,"Clothing,Shoes,Women's Shoes,Women's Casual Shoes,Womens,Boat Shoes,Keds",Shoes,"Graysilver,Naturalgold",,,"https://i5.walmartimages.com/asr/7bd67027-21b0-4ebd-a05b-2e4b9e850285_1.db3c08289a6c8d5e8249e67d0c563e53.jpeg?odnHeight=450&odnWidth=450&odnBg=FFFFFF,https://i5.walmartimages.com/asr/50b93934-7cc8-48b6-bc5d-960e21c9cc1a_1.de405ca36fd334cb485b142eeb31b03c.jpeg?odnHeight=450&odnWidth=450&odnBg=FFFFFF,https://i5.walmartimages.com/asr/a138cbdf-e62d-4af9-b441-3b3d439067cb_1.cf5a1bd98588506b7b1cfdc5017c5093.jpeg?odnHeight=450&odnWidth=450&odnBg=FFFFFF,https://i5.walmartimages.com/asr/466df04e-2303-43c4-86ec-22fbe2eef8d7_1.4eefb17c7d6cb3cc1a23d8785316329b.jpeg?odnHeight=450&odnWidth=450&odnBg=FFFFFF,https://media.kohlsimg.com/is/image/kohls/2756881?wid=50&hei=50&op_sharpen=1,https://media.kohlsimg.com/is/image/kohls/2756881?wid=1000&hei=1000&op_sharpen=1","677338628932,kedsglimmerlurexwomensortholiteboatshoes/31059236",,,Keds Women's Glimmer Lurex Canvas Fashion Sneaker,49.99,49.99,,Silver,,USD,2018-01-02T17:29:00Z,"2017-12-19T11:38:00.000Z,2017-12-28T09:47:00.000Z,2017-12-24T16:12:00.000Z,2017-12-27T14:06:00.000Z,2017-12-26T10:09:00.000Z,2017-12-20T11:54:00.000Z,2017-12-25T16:22:00.000Z,2017-12-10T10:47:00.000Z,2017-12-22T11:43:00.000Z,2017-12-03T06:29:00.000Z,2017-12-24T01:05:00.000Z,2017-12-21T19:26:00.000Z,2017-12-04T13:05:00.000Z,2017-12-18T10:54:00.000Z,2017-12-07T13:45:00.000Z,2017-12-10T02:54:00.000Z,2017-12-12T11:39:00.000Z,2017-12-05T11:26:00.000Z,2017-12-11T13:41:00.000Z,2017-12-06T14:28:00.000Z,2017-11-02T08:54:00.000Z,2017-11-11T11:11:00.000Z,2017-11-03T08:56:00.000Z,2017-11-06T13:46:00.000Z",FALSE,,,,,5.5 MED,"https://www.kohls.com/product/prd-2756881/keds-glimmer-lurex-womens-boat-shoes.jsp,https://www.kohls.com/product/prd-2756881/keds-glimmer-lurex-womens-ortholite-boat-shoes.jsp",5.5 MED,"https://www.walmart.com/ip/Keds-Women-s-Glimmer-Lurex-Canvas-Fashion-Sneaker/596520248,https://www.kohls.com/product/prd-2756881/keds-glimmer-lurex-womens-boat-shoes.jsp,https://www.kohls.com/product/prd-2756881/keds-glimmer-lurex-womens-ortholite-boat-shoes.jsp",6.77E+11,
AVpfwdpXilAPnD_xhtaX,2017-01-16T15:55:02Z,2018-01-05T06:15:36Z,,Earth Spirit,"Clothing,Shoes,Women's Shoes,All Women's Shoes","Shoes,Shoes","Honey,White",6.00 in x 6.00 in x 1.00 in,,"https://i5.walmartimages.com/asr/10f4a6f8-9ce1-4480-878a-ee68f1277d1f_1.abf5f32f23dfff5e4e447815595a11d8.jpeg?odnHeight=450&odnWidth=450&odnBg=FFFFFF,https://i5.walmartimages.com/asr/f644325c-0190-482f-8b41-50af028bb310_1.32e95f9157e354993b34eb9a2ca3dbb5.jpeg?odnHeight=450&odnWidth=450&odnBg=FFFFFF,https://i5.walmartimages.com/asr/6b0aa795-2254-4fb1-9002-a09188ae7b79_1.960b88fd88ef169998ab1c0e6da03505.jpeg?odnHeight=450&odnWidth=450&odnBg=FFFFFF,https://i5.walmartimages.com/asr/fb90e468-674c-4573-abf3-18a74258a0dd_1.f8a5d538c389d3d3bd5e48ae5d247b9f.jpeg?odnHeight=450&odnWidth=450&odnBg=FFFFFF,https://i5.walmartimages.com/asr/2f073c56-7ade-4e5e-92b2-eaa8d3cf42b4_1.fff5b1b229445f7bc465f154c0a209f4.jpeg?odnHeight=450&odnWidth=450&odnBg=FFFFFF","earthspiritwomensandisandal/556043962,earthspirit/wmes27er008,692257004230",,WMES27ER008,Earth Spirit Women's Andi Sandal,19.82,12.94,In Stock,HONEY,New,USD,2017-03-28T05:23:16Z,2017-03-22T15:58:05.231Z,TRUE,Walmart.com,,,,6,https://www.walmart.com/ip/Earth-Spirit-Women-s-Andi-Sandal/54790497,"8.5,10,7,6,9.5,6.5,7.5,9,8,11","https://www.walmart.com/ip/Earth-Spirit-Women-s-Andi-Sandal/54790497,https://www.walmart.com/ip/Earth-Spirit-Women-s-Andi-Sandal/54790497?variantFieldId=actual_color,https://www.walmart.com/reviews/product/54790497",6.92E+11,
AVpgjXbkilAPnD_xuCc8,2016-03-23T15:15:57Z,2018-06-05T22:27:53Z,,Earth Spirit,"Womens Shoes,Clothing,Women's Shoes,All Womens Shoes,Shoes,All Women's Shoes",Shoes,Platinum,6.00 in x 6.00 in x 1.00 in,6.92E+11,"https://i5.walmartimages.com/asr/9188a3c6-b52b-47c8-8c29-e626d6f89a9f_1.bbb10b17bcf34aef7fd73bf43411e99a.jpeg?odnHeight=450&odnWidth=450&odnBg=FFFFFF,https://i5.walmartimages.com/asr/e9e86be2-2e5d-481a-bae6-2ca40defecc4_1.a8c8a64e222d71f286fd9a4172c85fdb.jpeg?odnHeight=450&odnWidth=450&odnBg=FFFFFF,https://i5.walmartimages.com/asr/8cf6d29d-c151-4c29-a746-93ded176045a_1.fed559ed51122119048fb22881e34486.jpeg?odnHeight=450&odnWidth=450&odnBg=FFFFFF,https://i5.walmartimages.com/asr/b89dcbb3-53fc-4d53-88ef-19b09966728f_1.6d84dabd5e5731267882ecc090a074f9.jpeg?odnHeight=450&odnWidth=450&odnBg=FFFFFF,https://i5.walmartimages.com/asr/249833b4-2c81-4ee9-91fe-c26d3eadca70_1.e3c999946facd9049c2d408374c81280.jpeg?odnHeight=450&odnWidth=450&odnBg=FFFFFF,https://i5.walmartimages.com/asr/70b0ef3f-7df0-4318-a161-5ebc6bba0fae_1.6d84dabd5e5731267882ecc090a074f9.jpeg?odnHeight=450&odnWidth=450&odnBg=FFFFFF,https://i5.walmartimages.com/asr/8bab75cf-0991-4ad4-bff0-b676bfa110fb_1.e3c999946facd9049c2d408374c81280.jpeg?odnHeight=450&odnWidth=450&odnBg=FFFFFF,https://i5.walmartimages.com/asr/17019699-4dc4-4d02-9284-807e0fa645eb_1.a8c8a64e222d71f286fd9a4172c85fdb.jpeg?odnHeight=450&odnWidth=450&odnBg=FFFFFF,https://i5.walmartimages.com/asr/2c259f7f-de37-43f0-9dd2-3a5f0845a1cd_1.bbb10b17bcf34aef7fd73bf43411e99a.jpeg?odnHeight=450&odnWidth=450&odnBg=FFFFFF","earthspirit/wmes26er005,0692257921988,earthspiritwomensrubisandal/554390581,692257921988",,WMES26ER005,Earth Spirit Women's Rubi Sandal,19.82,19.82,Out Of Stock,Platinum,New,USD,,"2018-05-28T07:00:00Z,2018-05-24T07:00:00Z,2018-05-27T11:00:00Z",FALSE,Walmart.com,,,,6,https://www.walmart.com/ip/Earth-Spirit-Women-s-Rubi-Sandal/46815480,"8.5,10,7,6,9.5,6.5,7.5,9,8,11","http://www.walmart.com/ip/Earth-Spririt-Women-s-Cheyenne-Sandal/46815480,http://www.walmart.com/ip/Earth-Spririt-Women-s-Cheyenne-Sandal/46815480?action=product_interest&action_type=title&item_id=46815480&placement_id=irs-2-m3&strategy=PWVUB&visitor_id&category=&customer_id_enc&config_id=2&parent_item_id=46816389&parent_anchor_item_id=46816389&bucket_id=irsbucketdefault&beacon_version=1.0.1&findingMethod=p13n,https://www.walmart.com/ip/Earth-Spirit-Women-s-Rubi-Sandal/46815480,https://www.walmart.com/reviews/product/46815480?limit=20&sort=relevancy&page=2,https://www.walmart.com/reviews/product/46815480,https://www.walmart.com/ip/Earth-Spririt-Women-s-Cheyenne-Sandal/46815480,http://www.walmart.com/ip/Earth-Spririt-Women-s-Cheyenne-Sandal/46815480?action=product_interest&action_type=title&item_id=46815480&placement_id=irs-2-b1&strategy=PWVAV&visitor_id&category=&customer_id_enc&config_id=2&parent_item_id=46816389&parent_anchor_item_id=46816389&bucket_id=irsbucketdefault&beacon_version=1.0.1&findingMethod=p13n",6.92E+11,
AVpe_gumilAPnD_xSjIb,2017-01-12T19:08:32Z,2018-05-29T02:20:14Z,,Unique Bargains,"Womens Shoes,Clothing,Women's Shoes,All Womens Shoes,Shoes,All Women's Shoes",Shoes,"Silver,Pink",,7.12E+11,"https://i5.walmartimages.com/asr/6b6e9bb1-e7ee-4383-a775-baa91fb0e5f0_1.008dede82fea5f57a6c41c84d9f993aa.jpeg?odnHeight=450&odnWidth=450&odnBg=FFFFFF,https://i5.walmartimages.com/asr/70761927-a5b8-4ecb-93d1-c12e9808f40a_1.d8837a18cc1c8c840969eeebc6e40221.jpeg?odnHeight=450&odnWidth=450&odnBg=FFFFFF,https://i5.walmartimages.com/asr/b447efb0-9258-40c3-bce7-dde72079fb55_1.dd2b20855ccdc7837c197b998337293d.jpeg?odnHeight=450&odnWidth=450&odnBg=FFFFFF,https://i5.walmartimages.com/asr/ef3bca13-d064-4410-bd74-c7ff8ad4f9eb_1.21d821ff433792a16739ccfc7ae81c67.jpeg?odnHeight=450&odnWidth=450&odnBg=FFFFFF,https://i5.walmartimages.com/asr/b9a42933-d682-4453-a573-09b0b4d34799_1.593efaf5b7f27989f9c7e1a1b7b86de2.jpeg?odnHeight=450&odnWidth=450&odnBg=FFFFFF,https://i5.walmartimages.com/asr/48bfad88-15f0-44f1-87e9-62eb036a657e_1.c199ca1c4f15313c74e3a3fc3c817fdf.jpeg?odnHeight=450&odnWidth=450&odnBg=FFFFFF,https://i5.walmartimages.com/asr/e0be9324-1d53-4794-9953-3ac5e98d1eda_1.14078805bf9265733d887f2ff467695f.jpeg?odnHeight=450&odnWidth=450&odnBg=FFFFFF,https://i5.walmartimages.com/asr/68e0178e-b36e-420d-83f5-b3143726d520_1.7ad73a6f6eea9aa846e75bcb87192b47.jpeg?odnHeight=450&odnWidth=450&odnBg=FFFFFF,https://i5.walmartimages.com/asr/19389973-4901-4f6a-b6ba-095ebee80512_1.1873d11788b3740fb5d82d4311109463.jpeg?odnHeight=450&odnWidth=450&odnBg=FFFFFF","7,122,061,573,330,710,000,000,000",,,Women's Open Toe High Heel Metallic Ankle Strap Sandals,29.75,29.75,Out Of Stock,Pink,New,USD,,2018-05-28T07:00:00Z,FALSE,Tasharina Corp,,,,9,https://www.walmart.com/ip/Women-s-Open-Toe-High-Heel-Metallic-Ankle-Strap-Sandals/49567976,9,"https://www.walmart.com/ip/Women-s-Open-Toe-High-Heel-Metallic-Ankle-Strap-Sandals/49567976,https://www.walmart.com/ip/Allegra-K-Women-s-Open-Toe-High-Heel-Metallic-Ankle-Strap-Sandals-Pink-Size-9/49567976,https://www.walmart.com/ip/Unique-Bargains-Women-s-Open-Toe-High-Heel-Metallic-Ankle-Strap-Sandals-Pink-Size-9/49567976",7.12E+11,
AVph3mXu1cnluZ0-HT3k,2017-01-20T18:49:48Z,2018-06-05T22:28:42Z,,Lugz,"Womens,Womens Shoes,Clothing,Women's Shoes,Boys' Shoes,Boots,Lugz,All Womens Shoes,Shoes,All Women's Shoes",Shoes,"Raspberry/white Thermabuck,Brownbark Perma Hide,Black Durabrush,Charcoalcreamgumblue-Black Thermabuck,Golden Wheatcreamgum Thermabuck,Brown/bark Perma Hide,Golden Wheat/cream/gum Thermabuck,Black/cream/gum Durabrush,Raspberrywhite Thermabuck",,7.37E+11,"https://i5.walmartimages.com/asr/96901f2b-1d85-4015-b249-f5595d147d2d_1.66efc3692bdd0d6dac70dacf8f087f27.jpeg?odnHeight=450&odnWidth=450&odnBg=FFFFFF,https://i5.walmartimages.com/asr/6a47229d-f014-4b97-95bf-35faeff19032_1.cd4da10810ca1327b2d4594df1608873.jpeg?odnHeight=450&odnWidth=450&odnBg=FFFFFF,https://i5.walmartimages.com/asr/66018960-92d9-43d2-b8d8-184648b738de_1.c5f4ce75f284e6e1c3c7ec2eee17ca50.jpeg?odnHeight=450&odnWidth=450&odnBg=FFFFFF,https://i5.walmartimages.com/asr/9562b791-2982-42d1-bd4f-62997ae870a5_1.cb27d33e45621b4ceab44d269c1d058e.jpeg?odnHeight=450&odnWidth=450&odnBg=FFFFFF,https://i5.walmartimages.com/asr/a5cc6f78-03c0-4356-ba89-330b74cc346f_1.72cfc92b1575141861da9e7d216a59bf.jpeg?odnHeight=450&odnWidth=450&odnBg=FFFFFF,https://i5.walmartimages.com/asr/224a2477-51c1-47d6-adf8-18316b105436_1.6631a288a357bc2c1ee5d07fdb3f501d.jpeg?odnHeight=450&odnWidth=450&odnBg=FFFFFF,https://i5.walmartimages.com/asr/08d4a869-c584-4c8f-bbec-7dcdf787aa94_1.18db240a7cd5579b814b9af9885c9abf.jpeg?odnHeight=450&odnWidth=450&odnBg=FFFFFF,https://i5.walmartimages.com/asr/3741d9b0-ef44-4565-b3fd-8d2b38402ead_1.0481bc9698e5775952ffa0953a9ff2c4.jpeg?odnHeight=450&odnWidth=450&odnBg=FFFFFF,https://i5.walmartimages.com/asr/7a2a945b-8004-436c-8be7-eb08c987fb93_1.39ab972e76dde5add049179355438fe2.jpeg?odnHeight=450&odnWidth=450&odnBg=FFFFFF,https://i5.walmartimages.com/asr/9562b791-2982-42d1-bd4f-62997ae870a5_1.92f5e8d0b409bcadd0291863ab470494.jpeg?odnHeight=450&odnWidth=450&odnBg=FFFFFF,https://i5.walmartimages.com/asr/eb6f3375-fc8c-4c87-ba4a-04f8d342944d_1.e49ee531c84f2354bb458dad6b5e149c.jpeg?odnHeight=450&odnWidth=450&odnBg=FFFFFF,https://i5.walmartimages.com/asr/7cde6c89-0da3-4c7c-b263-0d8c0f78ead9_1.6f211981088ae8a28b0965b88d5dc0ad.jpeg?odnHeight=450&odnWidth=450&odnBg=FFFFFF,https://media.kohlsimg.com/is/image/kohls/2329035_Black?wid=1000&hei=1000&op_sharpen=1,https://i5.walmartimages.com/asr/239b239f-67f4-4e9c-b4f1-0a951ebee493_1.92f5e8d0b409bcadd0291863ab470494.jpeg?odnHeight=450&odnWidth=450&odnBg=FFFFFF,https://media.kohlsimg.com/is/image/kohls/2329035_Black?wid=50&hei=50&op_sharpen=1,https://i5.walmartimages.com/asr/d357b655-b0aa-4474-84dd-e1a4e0501e67_1.3a2e3260a1ce0e9f67e4b317f986a517.jpeg?odnHeight=450&odnWidth=450&odnBg=FFFFFF,https://i5.walmartimages.com/asr/d4dc4789-17fc-4e02-a420-e036948a2133_1.a235396116c0af46f62634d6f2df1894.jpeg?odnHeight=450&odnWidth=450&odnBg=FFFFFF,https://i5.walmartimages.com/asr/91fc705c-0bf1-4341-a467-157388d3aa21_1.30bc471cac9850caccf0998e3febd00b.jpeg?odnHeight=450&odnWidth=450&odnBg=FFFFFF,https://i5.walmartimages.com/asr/6437c9dc-b3c6-41a5-ad24-0538b1d7d1e2_1.cf0c2542721cf05122d8895280723cfb.jpeg?odnHeight=450&odnWidth=450&odnBg=FFFFFF,https://i5.walmartimages.com/asr/9c1c14f1-4cff-415a-ad7a-e609baa5c7d8_1.f320950f062d52e0bc5e660bcde906a5.jpeg?odnHeight=450&odnWidth=450&odnBg=FFFFFF","lugzdrifterlxwomenswaterresistantankleboots/75599267,737182435435,lugzdrifterlxwomenswaterresistantankleboots/70029349,737182447544,737182547824,lugzdrifterlxwomenswaterresistantankleboots/30821993,0737182435428,737182447582,737182548111,737182547787,lugzdrifterlxwomenswaterresistantankleboots/30842644,lugzdrifterlxwomenswaterresistantankleboots/30842645,737182548159,737182547862,737182548197,737182435428,lugzdrifterlxwomenswaterresistantankleboots/70029359,737182447599,737182547855,737182447551,lugzdrifterlxwomenswaterresistantankleboots/70029351,737182547817,lugzdrifterlxwomenswaterresistantankleboots/70029350,lugzdrifterlxwomenswaterresistantankleboots/70029352,737182547770,lugzdrifterlxwomenswaterresistantankleboots/75724697,lugzdrifterlxwomenswaterresistantankleboots/30842655,lugzdrifterlxwomenswaterresistantankleboots/75724698,737182548104,lugzdrifterlxwomenswaterresistantankleboots/75724699,lugz/ftwwdrlxk7431,737182548180,737182548142,737182435459,lugzdrifterlxwomenswaterresistantankleboots/70029360,737182547800,lugzdrifterlxwomenswaterresistantankleboots/70029362,lugzdrifterlxwomenswaterresistantankleboots/70029361,737182547848,737182548135,737182447605,737182447568,737182547763,737182435497,737182548098,737182548173,lugzdrifterlxwomenswaterresistantankleboots/75599259,lugzdrifterlxwomenswaterresistantankleboots/75724708,lugzdrifterlxwomenswaterresistantankleboots/75599258,lugzdrifterlxwomenswaterresistantankleboots/75599257,737182435404,lugzdrifterlxwomenswaterresistantankleboots/75724700,lugzdrifterlxwomenswaterresistantankleboots/75724701,737182447575,lugzdrifterlxwomenswaterresistantankleboots/75724702,lugzdrifterlxwomenswaterresistantankleboots/75724704,lugzdrifterlxwomenswaterresistantankleboots/75724705,lugzdrifterlxwomenswaterresistantankleboots/75724706,lugzdrifterlxwomenswaterresistantankleboots/75724707,737182547794,737182435480,737182548166,737182548128,737182547831,737182447612,lugzdrifterlxwomenswaterresistantankleboots/75599262,lugzdrifterlxwomenswaterresistantankleboots/75599261,lugzdrifterlxwomenswaterresistantankleboots/75599260,737182435442,lugz/wdrlxk7431,lugzdrifterlxwomenswaterresistantankleboots/75599266,lugzdrifterlxwomenswaterresistantankleboots/75599265,lugzdrifterlxwomenswaterresistantankleboots/75599264,lugzdrifterlxwomenswaterresistantankleboots/75599263",Lugz,FTW-WDRLXK-7431,Women's Lugz Drifter LX Boot,70,70,,Yellow,,USD,,"2017-11-05T15:00:00Z,2017-11-02T08:00:00Z,2017-11-01T09:00:00Z,2017-11-04T09:00:00Z,2017-11-03T08:00:00Z,2017-11-06T13:00:00Z",FALSE,,,,,6.5 MED,https://www.kohls.com/product/prd-2329035/lugz-drifter-lx-womens-water-resistant-ankle-boots.jsp,"5.5 MED,6 MED,6.5 MED,7 MED,7.5 MED,8 MED,8.5 MED,9 MED,9.5 MED,10 MED,11 MED","https://www.walmart.com/ip/132364372,https://www.walmart.com/ip/Women-s-Lugz-Drifter-LX-Boot/54113891,http://www.walmart.com/ip/Women-s-Lugz-Drifter-LX-Boot/54113891,https://www.walmart.com/ip/Women-s-Lugz-Drifter-LX-Boot/174948658,https://www.kohls.com/product/prd-2329035/lugz-drifter-lx-womens-water-resistant-ankle-boots.jsp,https://www.walmart.com/ip/Lugz-Drifter-Lx/132364372",7.37E+11,
AVph3mXu1cnluZ0-HT3k,2017-01-20T18:49:48Z,2018-06-05T22:28:42Z,,Lugz,"Womens,Womens Shoes,Clothing,Women's Shoes,Boys' Shoes,Boots,Lugz,All Womens Shoes,Shoes,All Women's Shoes",Shoes,"Raspberry/white Thermabuck,Brownbark Perma Hide,Black Durabrush,Charcoalcreamgumblue-Black Thermabuck,Golden Wheatcreamgum Thermabuck,Brown/bark Perma Hide,Golden Wheat/cream/gum Thermabuck,Black/cream/gum Durabrush,Raspberrywhite Thermabuck",,7.37E+11,"https://i5.walmartimages.com/asr/96901f2b-1d85-4015-b249-f5595d147d2d_1.66efc3692bdd0d6dac70dacf8f087f27.jpeg?odnHeight=450&odnWidth=450&odnBg=FFFFFF,https://i5.walmartimages.com/asr/6a47229d-f014-4b97-95bf-35faeff19032_1.cd4da10810ca1327b2d4594df1608873.jpeg?odnHeight=450&odnWidth=450&odnBg=FFFFFF,https://i5.walmartimages.com/asr/66018960-92d9-43d2-b8d8-184648b738de_1.c5f4ce75f284e6e1c3c7ec2eee17ca50.jpeg?odnHeight=450&odnWidth=450&odnBg=FFFFFF,https://i5.walmartimages.com/asr/9562b791-2982-42d1-bd4f-62997ae870a5_1.cb27d33e45621b4ceab44d269c1d058e.jpeg?odnHeight=450&odnWidth=450&odnBg=FFFFFF,https://i5.walmartimages.com/asr/a5cc6f78-03c0-4356-ba89-330b74cc346f_1.72cfc92b1575141861da9e7d216a59bf.jpeg?odnHeight=450&odnWidth=450&odnBg=FFFFFF,https://i5.walmartimages.com/asr/224a2477-51c1-47d6-adf8-18316b105436_1.6631a288a357bc2c1ee5d07fdb3f501d.jpeg?odnHeight=450&odnWidth=450&odnBg=FFFFFF,https://i5.walmartimages.com/asr/08d4a869-c584-4c8f-bbec-7dcdf787aa94_1.18db240a7cd5579b814b9af9885c9abf.jpeg?odnHeight=450&odnWidth=450&odnBg=FFFFFF,https://i5.walmartimages.com/asr/3741d9b0-ef44-4565-b3fd-8d2b38402ead_1.0481bc9698e5775952ffa0953a9ff2c4.jpeg?odnHeight=450&odnWidth=450&odnBg=FFFFFF,https://i5.walmartimages.com/asr/7a2a945b-8004-436c-8be7-eb08c987fb93_1.39ab972e76dde5add049179355438fe2.jpeg?odnHeight=450&odnWidth=450&odnBg=FFFFFF,https://i5.walmartimages.com/asr/9562b791-2982-42d1-bd4f-62997ae870a5_1.92f5e8d0b409bcadd0291863ab470494.jpeg?odnHeight=450&odnWidth=450&odnBg=FFFFFF,https://i5.walmartimages.com/asr/eb6f3375-fc8c-4c87-ba4a-04f8d342944d_1.e49ee531c84f2354bb458dad6b5e149c.jpeg?odnHeight=450&odnWidth=450&odnBg=FFFFFF,https://i5.walmartimages.com/asr/7cde6c89-0da3-4c7c-b263-0d8c0f78ead9_1.6f211981088ae8a28b0965b88d5dc0ad.jpeg?odnHeight=450&odnWidth=450&odnBg=FFFFFF,https://media.kohlsimg.com/is/image/kohls/2329035_Black?wid=1000&hei=1000&op_sharpen=1,https://i5.walmartimages.com/asr/239b239f-67f4-4e9c-b4f1-0a951ebee493_1.92f5e8d0b409bcadd0291863ab470494.jpeg?odnHeight=450&odnWidth=450&odnBg=FFFFFF,https://media.kohlsimg.com/is/image/kohls/2329035_Black?wid=50&hei=50&op_sharpen=1,https://i5.walmartimages.com/asr/d357b655-b0aa-4474-84dd-e1a4e0501e67_1.3a2e3260a1ce0e9f67e4b317f986a517.jpeg?odnHeight=450&odnWidth=450&odnBg=FFFFFF,https://i5.walmartimages.com/asr/d4dc4789-17fc-4e02-a420-e036948a2133_1.a235396116c0af46f62634d6f2df1894.jpeg?odnHeight=450&odnWidth=450&odnBg=FFFFFF,https://i5.walmartimages.com/asr/91fc705c-0bf1-4341-a467-157388d3aa21_1.30bc471cac9850caccf0998e3febd00b.jpeg?odnHeight=450&odnWidth=450&odnBg=FFFFFF,https://i5.walmartimages.com/asr/6437c9dc-b3c6-41a5-ad24-0538b1d7d1e2_1.cf0c2542721cf05122d8895280723cfb.jpeg?odnHeight=450&odnWidth=450&odnBg=FFFFFF,https://i5.walmartimages.com/asr/9c1c14f1-4cff-415a-ad7a-e609baa5c7d8_1.f320950f062d52e0bc5e660bcde906a5.jpeg?odnHeight=450&odnWidth=450&odnBg=FFFFFF","lugzdrifterlxwomenswaterresistantankleboots/75599267,737182435435,lugzdrifterlxwomenswaterresistantankleboots/70029349,737182447544,737182547824,lugzdrifterlxwomenswaterresistantankleboots/30821993,0737182435428,737182447582,737182548111,737182547787,lugzdrifterlxwomenswaterresistantankleboots/30842644,lugzdrifterlxwomenswaterresistantankleboots/30842645,737182548159,737182547862,737182548197,737182435428,lugzdrifterlxwomenswaterresistantankleboots/70029359,737182447599,737182547855,737182447551,lugzdrifterlxwomenswaterresistantankleboots/70029351,737182547817,lugzdrifterlxwomenswaterresistantankleboots/70029350,lugzdrifterlxwomenswaterresistantankleboots/70029352,737182547770,lugzdrifterlxwomenswaterresistantankleboots/75724697,lugzdrifterlxwomenswaterresistantankleboots/30842655,lugzdrifterlxwomenswaterresistantankleboots/75724698,737182548104,lugzdrifterlxwomenswaterresistantankleboots/75724699,lugz/ftwwdrlxk7431,737182548180,737182548142,737182435459,lugzdrifterlxwomenswaterresistantankleboots/70029360,737182547800,lugzdrifterlxwomenswaterresistantankleboots/70029362,lugzdrifterlxwomenswaterresistantankleboots/70029361,737182547848,737182548135,737182447605,737182447568,737182547763,737182435497,737182548098,737182548173,lugzdrifterlxwomenswaterresistantankleboots/75599259,lugzdrifterlxwomenswaterresistantankleboots/75724708,lugzdrifterlxwomenswaterresistantankleboots/75599258,lugzdrifterlxwomenswaterresistantankleboots/75599257,737182435404,lugzdrifterlxwomenswaterresistantankleboots/75724700,lugzdrifterlxwomenswaterresistantankleboots/75724701,737182447575,lugzdrifterlxwomenswaterresistantankleboots/75724702,lugzdrifterlxwomenswaterresistantankleboots/75724704,lugzdrifterlxwomenswaterresistantankleboots/75724705,lugzdrifterlxwomenswaterresistantankleboots/75724706,lugzdrifterlxwomenswaterresistantankleboots/75724707,737182547794,737182435480,737182548166,737182548128,737182547831,737182447612,lugzdrifterlxwomenswaterresistantankleboots/75599262,lugzdrifterlxwomenswaterresistantankleboots/75599261,lugzdrifterlxwomenswaterresistantankleboots/75599260,737182435442,lugz/wdrlxk7431,lugzdrifterlxwomenswaterresistantankleboots/75599266,lugzdrifterlxwomenswaterresistantankleboots/75599265,lugzdrifterlxwomenswaterresistantankleboots/75599264,lugzdrifterlxwomenswaterresistantankleboots/75599263",Lugz,FTW-WDRLXK-7431,Women's Lugz Drifter LX Boot,69.99,69.99,,Black,,USD,,"2017-11-05T15:00:00Z,2017-11-02T08:00:00Z,2017-11-01T09:00:00Z,2017-11-04T09:00:00Z,2017-11-03T08:00:00Z,2017-11-06T13:00:00Z",FALSE,,,,,8 MED,https://www.kohls.com/product/prd-2329035/lugz-drifter-lx-womens-water-resistant-ankle-boots.jsp,"5.5 MED,6 MED,6.5 MED,7 MED,7.5 MED,8 MED,8.5 MED,9 MED,9.5 MED,10 MED,11 MED","https://www.walmart.com/ip/132364372,https://www.walmart.com/ip/Women-s-Lugz-Drifter-LX-Boot/54113891,http://www.walmart.com/ip/Women-s-Lugz-Drifter-LX-Boot/54113891,https://www.walmart.com/ip/Women-s-Lugz-Drifter-LX-Boot/174948658,https://www.kohls.com/product/prd-2329035/lugz-drifter-lx-womens-water-resistant-ankle-boots.jsp,https://www.walmart.com/ip/Lugz-Drifter-Lx/132364372",7.37E+11,
AVph3mXu1cnluZ0-HT3k,2017-01-20T18:49:48Z,2018-06-05T22:28:42Z,,Lugz,"Womens,Womens Shoes,Clothing,Women's Shoes,Boys' Shoes,Boots,Lugz,All Womens Shoes,Shoes,All Women's Shoes",Shoes,"Raspberry/white Thermabuck,Brownbark Perma Hide,Black Durabrush,Charcoalcreamgumblue-Black Thermabuck,Golden Wheatcreamgum Thermabuck,Brown/bark Perma Hide,Golden Wheat/cream/gum Thermabuck,Black/cream/gum Durabrush,Raspberrywhite Thermabuck",,7.37E+11,"https://i5.walmartimages.com/asr/96901f2b-1d85-4015-b249-f5595d147d2d_1.66efc3692bdd0d6dac70dacf8f087f27.jpeg?odnHeight=450&odnWidth=450&odnBg=FFFFFF,https://i5.walmartimages.com/asr/6a47229d-f014-4b97-95bf-35faeff19032_1.cd4da10810ca1327b2d4594df1608873.jpeg?odnHeight=450&odnWidth=450&odnBg=FFFFFF,https://i5.walmartimages.com/asr/66018960-92d9-43d2-b8d8-184648b738de_1.c5f4ce75f284e6e1c3c7ec2eee17ca50.jpeg?odnHeight=450&odnWidth=450&odnBg=FFFFFF,https://i5.walmartimages.com/asr/9562b791-2982-42d1-bd4f-62997ae870a5_1.cb27d33e45621b4ceab44d269c1d058e.jpeg?odnHeight=450&odnWidth=450&odnBg=FFFFFF,https://i5.walmartimages.com/asr/a5cc6f78-03c0-4356-ba89-330b74cc346f_1.72cfc92b1575141861da9e7d216a59bf.jpeg?odnHeight=450&odnWidth=450&odnBg=FFFFFF,https://i5.walmartimages.com/asr/224a2477-51c1-47d6-adf8-18316b105436_1.6631a288a357bc2c1ee5d07fdb3f501d.jpeg?odnHeight=450&odnWidth=450&odnBg=FFFFFF,https://i5.walmartimages.com/asr/08d4a869-c584-4c8f-bbec-7dcdf787aa94_1.18db240a7cd5579b814b9af9885c9abf.jpeg?odnHeight=450&odnWidth=450&odnBg=FFFFFF,https://i5.walmartimages.com/asr/3741d9b0-ef44-4565-b3fd-8d2b38402ead_1.0481bc9698e5775952ffa0953a9ff2c4.jpeg?odnHeight=450&odnWidth=450&odnBg=FFFFFF,https://i5.walmartimages.com/asr/7a2a945b-8004-436c-8be7-eb08c987fb93_1.39ab972e76dde5add049179355438fe2.jpeg?odnHeight=450&odnWidth=450&odnBg=FFFFFF,https://i5.walmartimages.com/asr/9562b791-2982-42d1-bd4f-62997ae870a5_1.92f5e8d0b409bcadd0291863ab470494.jpeg?odnHeight=450&odnWidth=450&odnBg=FFFFFF,https://i5.walmartimages.com/asr/eb6f3375-fc8c-4c87-ba4a-04f8d342944d_1.e49ee531c84f2354bb458dad6b5e149c.jpeg?odnHeight=450&odnWidth=450&odnBg=FFFFFF,https://i5.walmartimages.com/asr/7cde6c89-0da3-4c7c-b263-0d8c0f78ead9_1.6f211981088ae8a28b0965b88d5dc0ad.jpeg?odnHeight=450&odnWidth=450&odnBg=FFFFFF,https://media.kohlsimg.com/is/image/kohls/2329035_Black?wid=1000&hei=1000&op_sharpen=1,https://i5.walmartimages.com/asr/239b239f-67f4-4e9c-b4f1-0a951ebee493_1.92f5e8d0b409bcadd0291863ab470494.jpeg?odnHeight=450&odnWidth=450&odnBg=FFFFFF,https://media.kohlsimg.com/is/image/kohls/2329035_Black?wid=50&hei=50&op_sharpen=1,https://i5.walmartimages.com/asr/d357b655-b0aa-4474-84dd-e1a4e0501e67_1.3a2e3260a1ce0e9f67e4b317f986a517.jpeg?odnHeight=450&odnWidth=450&odnBg=FFFFFF,https://i5.walmartimages.com/asr/d4dc4789-17fc-4e02-a420-e036948a2133_1.a235396116c0af46f62634d6f2df1894.jpeg?odnHeight=450&odnWidth=450&odnBg=FFFFFF,https://i5.walmartimages.com/asr/91fc705c-0bf1-4341-a467-157388d3aa21_1.30bc471cac9850caccf0998e3febd00b.jpeg?odnHeight=450&odnWidth=450&odnBg=FFFFFF,https://i5.walmartimages.com/asr/6437c9dc-b3c6-41a5-ad24-0538b1d7d1e2_1.cf0c2542721cf05122d8895280723cfb.jpeg?odnHeight=450&odnWidth=450&odnBg=FFFFFF,https://i5.walmartimages.com/asr/9c1c14f1-4cff-415a-ad7a-e609baa5c7d8_1.f320950f062d52e0bc5e660bcde906a5.jpeg?odnHeight=450&odnWidth=450&odnBg=FFFFFF","lugzdrifterlxwomenswaterresistantankleboots/75599267,737182435435,lugzdrifterlxwomenswaterresistantankleboots/70029349,737182447544,737182547824,lugzdrifterlxwomenswaterresistantankleboots/30821993,0737182435428,737182447582,737182548111,737182547787,lugzdrifterlxwomenswaterresistantankleboots/30842644,lugzdrifterlxwomenswaterresistantankleboots/30842645,737182548159,737182547862,737182548197,737182435428,lugzdrifterlxwomenswaterresistantankleboots/70029359,737182447599,737182547855,737182447551,lugzdrifterlxwomenswaterresistantankleboots/70029351,737182547817,lugzdrifterlxwomenswaterresistantankleboots/70029350,lugzdrifterlxwomenswaterresistantankleboots/70029352,737182547770,lugzdrifterlxwomenswaterresistantankleboots/75724697,lugzdrifterlxwomenswaterresistantankleboots/30842655,lugzdrifterlxwomenswaterresistantankleboots/75724698,737182548104,lugzdrifterlxwomenswaterresistantankleboots/75724699,lugz/ftwwdrlxk7431,737182548180,737182548142,737182435459,lugzdrifterlxwomenswaterresistantankleboots/70029360,737182547800,lugzdrifterlxwomenswaterresistantankleboots/70029362,lugzdrifterlxwomenswaterresistantankleboots/70029361,737182547848,737182548135,737182447605,737182447568,737182547763,737182435497,737182548098,737182548173,lugzdrifterlxwomenswaterresistantankleboots/75599259,lugzdrifterlxwomenswaterresistantankleboots/75724708,lugzdrifterlxwomenswaterresistantankleboots/75599258,lugzdrifterlxwomenswaterresistantankleboots/75599257,737182435404,lugzdrifterlxwomenswaterresistantankleboots/75724700,lugzdrifterlxwomenswaterresistantankleboots/75724701,737182447575,lugzdrifterlxwomenswaterresistantankleboots/75724702,lugzdrifterlxwomenswaterresistantankleboots/75724704,lugzdrifterlxwomenswaterresistantankleboots/75724705,lugzdrifterlxwomenswaterresistantankleboots/75724706,lugzdrifterlxwomenswaterresistantankleboots/75724707,737182547794,737182435480,737182548166,737182548128,737182547831,737182447612,lugzdrifterlxwomenswaterresistantankleboots/75599262,lugzdrifterlxwomenswaterresistantankleboots/75599261,lugzdrifterlxwomenswaterresistantankleboots/75599260,737182435442,lugz/wdrlxk7431,lugzdrifterlxwomenswaterresistantankleboots/75599266,lugzdrifterlxwomenswaterresistantankleboots/75599265,lugzdrifterlxwomenswaterresistantankleboots/75599264,lugzdrifterlxwomenswaterresistantankleboots/75599263",Lugz,FTW-WDRLXK-7431,Women's Lugz Drifter LX Boot,70,70,,Gray,,USD,,"2017-11-05T15:00:00Z,2017-11-02T08:00:00Z,2017-11-01T09:00:00Z,2017-11-04T09:00:00Z,2017-11-03T08:00:00Z",FALSE,,,,,9 MED,https://www.kohls.com/product/prd-2329035/lugz-drifter-lx-womens-water-resistant-ankle-boots.jsp,"5.5 MED,6 MED,6.5 MED,7 MED,7.5 MED,8 MED,8.5 MED,9 MED,9.5 MED,10 MED,11 MED","https://www.walmart.com/ip/132364372,https://www.walmart.com/ip/Women-s-Lugz-Drifter-LX-Boot/54113891,http://www.walmart.com/ip/Women-s-Lugz-Drifter-LX-Boot/54113891,https://www.walmart.com/ip/Women-s-Lugz-Drifter-LX-Boot/174948658,https://www.kohls.com/product/prd-2329035/lugz-drifter-lx-womens-water-resistant-ankle-boots.jsp,https://www.walmart.com/ip/Lugz-Drifter-Lx/132364372",7.37E+11,
